name,location,date,url
UFC Fight Night Edgar vs Jung,"Sajik Arena,   Busan South Korea","Sat, Dec 21 / 9:00 PM AEDT",https://www.ufc.com/event/ufc-fight-night-december-21-2019
UFC Fight Night Thompson vs Pettis,"Bridgestone Arena,   Nashville United States","Sun, Mar 24 / 11:00 AM AEDT",https://www.ufc.com/event/ufc-fight-night-march-23-2019
UFC Fight Night Joanna vs Waterson,"Amalie Arena,   Tampa United States","Sun, Oct 13 / 11:00 AM AEDT",https://www.ufc.com/event/ufc-fight-night-october-12-2019
UFC 245 Usman vs Covington,"T-Mobile Arena,   Las Vegas United States","Sun, Dec 15 / 2:00 PM AEDT",https://www.ufc.com/event/ufc-245
UFC Fight Night Blachowicz vs Souza,"Ibirapuera Arena,   São Paulo Brazil","Sun, Nov 17 / 12:00 PM AEDT",https://www.ufc.com/event/ufc-fight-night-november-16-2019
UFC Fight Night Overeem vs Rozenstruik,"Capital One Arena,   Washington United States","Sun, Dec 8 / 1:00 PM AEDT",https://www.ufc.com/event/ufc-fight-night-december-7-2019
UFC Fight Night Magomedsharipov vs Kattar,"CSKA Arena,   Moscow Russia","Sun, Nov 10 / 6:00 AM AEDT",https://www.ufc.com/event/ufc-fight-night-november-9-2019
UFC 244 Masvidal vs Diaz,"Madison Square Garden,   New York United States","Sun, Nov 3 / 1:00 PM AEDT",https://www.ufc.com/event/ufc-244
UFC Fight Night Maia vs Askren,"Singapore Indoor Stadium,   Singapore Singapore","Sat, Oct 26 / 11:00 PM AEDT",https://www.ufc.com/event/ufc-fight-night-october-26-2019
UFC Fight Night Reyes vs Weidman,"TD Garden,   Boston United States","Sat, Oct 19 / 12:00 PM AEDT",https://www.ufc.com/event/ufc-fight-night-october-18-2019
UFC 243 Whittaker vs Adesanya,"Marvel Stadium,   Melbourne Australia","Sun, Oct 6 / 1:00 PM AEDT",https://www.ufc.com/event/ufc-243
UFC Fight Night Hermansson vs Cannonier,"Royal Arena,   Copenhagen Denmark","Sun, Sep 29 / 4:00 AM AEST",https://www.ufc.com/event/ufc-fight-night-september-28-2019
UFC Fight Night Rodriguez vs Stephens,"Mexico City Arena,   Mexico City Mexico","Sun, Sep 22 / 10:00 AM AEST",https://www.ufc.com/event/ufc-fight-night-septemer-21-2019
UFC Fight Night Cowboy vs Gaethje,"Rogers Arena,   Vancouver Canada","Sun, Sep 15 / 10:00 AM AEST",https://www.ufc.com/event/ufc-fight-night-september-14-2019
UFC 242 Khabib vs Poirier,"The Arena,   Abu Dhabi United Arab Emirates","Sun, Sep 8 / 4:00 AM AEST",https://www.ufc.com/event/ufc-242
UFC Fight Night Shevchenko vs Carmouche,"Antel Arena,   Montevideo Uruguay","Sun, Aug 11 / 10:00 AM AEST",https://www.ufc.com/event/ufc-fight-night-august-10-2019
UFC Fight Night Dos Anjos vs Edwards,"AT&T Center,   San Antonio United States","Sun, Jul 21 / 11:00 AM AEST",https://www.ufc.com/event/ufc-fight-night-july-20-2019
UFC Fight Night Covington vs Lawler,"Prudential Center,   Newark United States","Sun, Aug 4 / 5:00 AM AEST",https://www.ufc.com/event/ufc-fight-night-august-03-2019
UFC Fight Night Andrade vs Zhang,"Universiade Sports Centre,   Shenzhen China","Sat, Aug 31 / 8:00 PM AEST",https://www.ufc.com/event/ufc-fight-night-august-31-2019
UFC 240 Holloway vs Edgar,"Rogers Place,   Edmonton Canada","Sun, Jul 28 / 12:00 PM AEST",https://www.ufc.com/event/ufc-240
UFC Fight Night de Randamie vs Ladd,"Golden 1 Center,   Sacramento United States","Sun, Jul 14 / 10:00 AM AEST",https://www.ufc.com/event/ufc-fight-night-july-13-2019
UFC Fight Night Gustafsson vs Smith,"Ericsson Globe,   Stockholm Sweden","Sun, Jun 2 / 3:00 AM AEST",https://www.ufc.com/event/ufc-fight-night-stockholm-2019
UFC Fight Night Moicano vs The Korean Zombie,"Bon Secours Wellness Arena,   Greenville United States","Sun, Jun 23 / 9:00 AM AEST",https://www.ufc.com/event/ufc-fight-night-june-22-2019
UFC Fight Night Ngannou vs Dos Santos,"Target Center,   Minneapolis United States","Sun, Jun 30 / 11:00 AM AEST",https://www.ufc.com/event/ufc-fight-night-june-29-2019-minneapolis
UFC 241 Cormier vs Miocic,"Honda Center,   Anaheim United States","Sun, Aug 18 / 12:00 PM AEST",https://www.ufc.com/event/ufc-241
UFC 238 Cejudo vs Moraes,"United Center,   Chicago United States","Sun, Jun 9 / 12:00 PM AEST",https://www.ufc.com/event/ufc-238
UFC Fight Night Dos Anjos vs Lee,"Blue Cross Arena,   Rochester United States","Sun, May 19 / 10:00 AM AEST",https://www.ufc.com/event/ufc-fight-night-may-18-2019
UFC Fight Night Overeem vs Oleinik,"Yubileyny Sports Palace,   Saint Petersburg Russia","Sun, Apr 21 / 3:00 AM AEST",https://www.ufc.com/event/ufc-fight-night-april-20-2019
UFC 237 Namajunas vs Andrade,"Farmasi Arena,   Rio de Janeiro Brazil","Sun, May 12 / 12:00 PM AEST",https://www.ufc.com/event/ufc-237
UFC 239 Jones vs Santos,"T-Mobile Arena,   Las Vegas United States","Sun, Jul 7 / 12:00 PM AEST",https://www.ufc.com/event/ufc-239
UFC Fight Night Jacare vs Hermansson,"BB&T Center,   Sunrise United States","Sun, Apr 28 / 11:00 AM AEST",https://www.ufc.com/event/ufc-fight-night-april-27-2019
UFC Fight Night Iaquinta vs Cowboy,"Canadian Tire Centre,   Ottawa Canada","Sun, May 5 / 10:00 AM AEST",https://www.ufc.com/event/ufc-fight-night-may-04-2019
UFC 236 Holloway vs Poirier 2,"State Farm Arena,   Atlanta United States","Sun, Apr 14 / 12:00 PM AEST",https://www.ufc.com/event/ufc-236
UFC 235 Jones vs Smith,"T-Mobile Arena,   Las Vegas United States","Sun, Mar 3 / 2:00 PM AEDT",https://www.ufc.com/event/ufc-235
UFC Fight Night Ngannou vs Velasquez,"Footprint Center,   Phoenix United States","Mon, Feb 18 / 1:00 PM AEDT",https://www.ufc.com/event/ufc-fight-night-phoenix-2019
UFC Fight Night Lewis vs Dos Santos,"INTRUST Bank Arena,   Wichita United States","Sun, Mar 10 / 12:00 PM AEDT",https://www.ufc.com/event/ufc-fight-night-march-9-2019
UFC Fight Night Barboza vs Gaethje,"Wells Fargo Center,   Philadelphia United States","Sun, Mar 31 / 10:00 AM AEDT",https://www.ufc.com/event/ufc-fight-night-march-30-2019
UFC Fight Night Till vs Masvidal,"O2 Arena,   London United Kingdom","Sun, Mar 17 / 7:00 AM AEDT",https://www.ufc.com/event/ufc-fight-night-london-2019
UFC Fight Night Blachowicz vs Santos,"O2 Arena,   London United Kingdom","Sun, Feb 24 / 6:00 AM AEDT",https://www.ufc.com/event/ufc-fight-night-czech-republic-2019
UFC 234 Adesanya vs Silva,"Rod Laver Arena,   Melbourne Australia","Sun, Feb 10 / 2:00 PM AEDT",https://www.ufc.com/event/ufc-234
UFC Fight Night Benavidez vs Figueiredo,"Chartway Arena,   Norfolk United States","Sun, Mar 1 / 12:00 PM AEDT",https://www.ufc.com/event/ufc-fight-night-norfolk-february-29-2020
UFC 230 Cormier vs Lewis,"Madison Square Garden,   New York United States","Sun, Nov 4 / 1:00 PM AEDT",https://www.ufc.com/event/ufc-230
UFC Fight Night Lee vs Oliveira,"Ginasio Nilson Nelson,    Brazil","Sun, Mar 15 / 9:00 AM AEDT",https://www.ufc.com/event/ufc-fight-night-march-14-2020
UFC Fight Night Cejudo vs Dillashaw,"Barclays Center,   Brooklyn United States","Sun, Jan 20 / 2:00 PM AEDT",https://www.ufc.com/event/ufc-fight-night-brooklyn-jan-19-2019
UFC Fight Night UFC Fight Night: Assuncao vs Moraes 2,"Arena CFO,   Castelão Brazil","Sun, Feb 3 / 12:00 PM AEDT",https://www.ufc.com/event/ufc-fight-night-brazil-2019
UFC 249 Ferguson vs Gaethje,"VyStar Veterans Memorial Arena,   Jacksonville United States","Sun, May 10 / 12:00 PM AEST",https://www.ufc.com/event/ufc-249
UFC 248 Adesanya vs Romero,"T-Mobile Arena,   Las Vegas United States","Sun, Mar 8 / 2:00 PM AEDT",https://www.ufc.com/event/ufc-248
UFC 246 McGregor vs Cowboy,"T-Mobile Arena,   Las Vegas United States","Sun, Jan 19 / 2:00 PM AEDT",https://www.ufc.com/event/ufc-246
UFC Fight Night Felder vs Hooker,"Spark Arena,   Auckland New Zealand","Sun, Feb 23 / 11:00 AM AEDT",https://www.ufc.com/event/ufc-fight-night-february-23-2020
UFC 247 Jones vs Reyes,"Toyota Center,   Houston United States","Sun, Feb 9 / 2:00 PM AEDT",https://www.ufc.com/event/ufc-247
UFC Fight Night Anderson vs Blachowicz,"Santa Ana Star Center,   Rio Rancho United States","Sun, Feb 16 / 12:00 PM AEDT",https://www.ufc.com/event/ufc-fight-night-february-15-2020
UFC Fight Night Dos Santos vs Ivanov,"CenturyLink Arena,   Boise United States","Sun, Jul 15 / 9:00 AM AEST",https://www.ufc.com/event/fight-night-boise-2018
UFC Fight Night Blaydes vs Dos Santos,"PNC Arena,   Raleigh United States","Sun, Jan 26 / 12:00 PM AEDT",https://www.ufc.com/event/ufc-fight-night-raleigh-january-25-blaydes-jds
UFC 232 Jones vs Gustafsson 2,"The Forum,   Inglewood United States","Sun, Dec 30 / 2:00 PM AEDT",https://www.ufc.com/event/ufc-232
UFC Fight Night Lee vs Iaquinta 2,"Fiserv Forum,   Milwaukee United States","Sun, Dec 16 / 12:00 PM AEDT",https://www.ufc.com/event/ufc-milwaukee-2018
UFC 231 Holloway vs Ortega,"Scotiabank Arena,   Toronto Canada","Sun, Dec 9 / 2:00 PM AEDT",https://www.ufc.com/event/ufc-231
UFC Fight Night Blaydes vs Ngannou 2,"Cadillac Arena,   Haidian Qu China","Sat, Nov 24 / 10:30 PM AEDT",https://www.ufc.com/event/ufc-china-2018
The Ultimate Fighter Season 28 Finale Dos Anjos vs Usman,"The Pearl - The Palms Hotel & Casino,   Las Vegas United States","Sat, Dec 1 / 2:00 PM AEDT",https://www.ufc.com/event/tuf-28-finale-2018
UFC Fight Night Magny vs Ponzinibbio,"Arena Parque Roca,   Villa Soldati Argentina","Sun, Nov 18 / 2:00 PM AEDT",https://www.ufc.com/event/ufc-south-america-2018
UFC Fight Night The Korean Zombie vs Rodriguez,"Pepsi Center,   Denver United States","Sun, Nov 11 / 2:00 PM AEDT",https://www.ufc.com/event/ufc-denver-2018
UFC Fight Night Dos Santos vs Tuivasa,"Adelaide Entertainment Centre,   Adelaide Australia","Sun, Dec 2 / 2:00 PM AEDT",https://www.ufc.com/event/ufc-australia-2018
UFC Fight Night Volkan vs Smith,"Avenir Centre,   Moncton Canada","Sun, Oct 28 / 1:00 PM AEDT",https://www.ufc.com/event/ufc-moncton-2018
UFC 229 Khabib vs McGregor,"T-Mobile Arena,   Las Vegas United States","Sun, Oct 7 / 1:00 PM AEDT",https://www.ufc.com/event/ufc-229
UFC Fight Night Cowboy vs Edwards,"Singapore Indoor Stadium,   Singapore Singapore","Sun, Jun 24 / 9:00 AM AEST",https://www.ufc.com/event/fight-night-asia-june-2018
UFC Fight Night Santos vs Anders,"Ibirapuera Arena,   São Paulo Brazil","Sun, Sep 23 / 12:30 PM AEST",https://www.ufc.com/event/fight-night-sao-paulo-sept-22-2018
UFC Fight Night Rivera vs Moraes,"Adirondack Bank Center,   Utica United States","Sat, Jun 2 / 12:00 PM AEST",https://www.ufc.com/event/fight-night-utica-2018
The Ultimate Fighter Finale Tavares vs Adesanya,"Pearl Theatre,   Las Vegas United States","Sat, Jul 7 / 9:00 AM AEST",https://www.ufc.com/event/the-ultimate-fighter-finale-july-6-2018
UFC 224 Nunes vs Pennington,"Farmasi Arena,   Rio de Janeiro Brazil","Sun, May 13 / 12:00 PM AEST",https://www.ufc.com/event/ufc-224
UFC Fight Night Thompson vs Till,"Echo Arena,   Liverpool United Kingdom","Sun, May 27 / 8:30 PM AEST",https://www.ufc.com/event/fight-night-liverpool-2018
UFC Fight Night Maia vs Usman,"Movistar Arena,   Santiago Chile","Sun, May 20 / 4:30 AM AEST",https://www.ufc.com/event/fight-night-santiago-2018
UFC 225 Whittaker vs Romero,"United Center,   Chicago United States","Sun, Jun 10 / 9:00 AM AEST",https://www.ufc.com/event/ufc-225
UFC Fight Night Barboza vs Lee,"Boardwalk Hall,   Atlantic City United States","Sun, Apr 22 / 12:00 PM AEST",https://www.ufc.com/event/fight-night-atlantic-city-2018
UFC 226 Miocic vs Cormier,"T Mobile Arena,   Las Vegas United States","Sun, Jul 8 / 12:00 PM AEST",https://www.ufc.com/event/ufc-226
UFC Fight Night Emmett vs Stephens,"Amway Center,   Orlando United States","Sun, Feb 25 / 3:15 AM AEDT",https://www.ufc.com/event/ufc-fight-night-orlando-february-24-2018
UFC Fight Night Cowboy vs Medeiros,"Frank Erwin Center,   Austin United States","Mon, Feb 19 / 5:00 AM AEDT",https://www.ufc.com/event/ufc-fight-night-austin-february-18-2018
UFC Fight Night Poirier vs Gaethje,"Gila River Arena,   Glendale United States","Sun, Apr 15 / 10:00 AM AEST",https://www.ufc.com/event/ufc-fight-night-april-14-2018
UFC Fight Night Jacare vs Brunson 2,"Spectrum Center,   Charlotte United States","Sun, Jan 28 / 12:00 PM AEDT",https://www.ufc.com/event/ufc-fight-night-charlotte-january-27-2018
UFC Fight Night Machida vs Anders,"Mangueirinho Arena,   Belem Brazil","Sun, Feb 4 / 2:00 PM AEDT",https://www.ufc.com/event/ufc-fight-night-belem-february-3-2018
UFC Fight Night Silva vs Irvin,"The Pearl,","Sat, Jul 19 / 10:00 AM AEST",https://www.ufc.com/event/UFC-Silva-vs-Irvin
UFC 223 Khabib vs Iaquinta,"Barclays Center,   Brooklyn United States","Sun, Apr 8 / 6:00 AM AEST",https://www.ufc.com/event/ufc-223
The Ultimate Fighter Team Serra vs Team Hughes FINALE,"The Pearl,","Mon, Dec 10 / 4:00 AM AEDT",https://www.ufc.com/event/ultimate-fighterUltimate-Fighter-Team-Serra-vs-Team-Hughes-Finale
UFC 87 St-Pierre vs Fitch,"Target Center,","Sun, Aug 10 / 8:00 AM AEST",https://www.ufc.com/event/ufc-87
UFC 86 JACKSON vs GRIFFIN,"Mandalay Bay Events Center,   Las Vegas United States","Sun, Jul 6 / 8:00 AM AEST",https://www.ufc.com/event/ufc-86
UFC Fight Night Munoz vs Weidman,"SAP Center,   San Jose United States","Thu, Jul 12 / 3:00 AM AEST",https://www.ufc.com/event/FUEL4
The Ultimate Fighter Finale Team Rampage vs Team Forrest,"The Pearl,","Sun, Jun 22 / 7:00 AM AEST",https://www.ufc.com/event/The-Ultimate-Fighter-T-Rampage-vs-T-Forrest-Finale
UFC 149 Faber vs Barao,"Scotiabank Saddledome,   Calgary Canada","Sun, Jul 22 / 5:00 AM AEST",https://www.ufc.com/event/ufc-149
STRIKEFORCE® Heavyweight Grand Prix Final Barnett vs Cormier,"HP Pavilion,   San Jose United States","Sun, May 20 / 12:00 PM AEST",https://www.ufc.com/event/strikeforcer-heavyweight-grand-prix-final
UFC Fight Night Belfort vs Henderson,"Ibirapuera Gymnasium,   Sao Paulo Brazil","Sun, Nov 8 / 10:00 AM AEDT",https://www.ufc.com/event/ufc-fight-night-sao-paulo-2015
UFC Fight Night Magny vs Gastelum,"Arena Monterrey,   Monterrey Mexico","Sun, Nov 22 / 5:30 AM AEDT",https://www.ufc.com/event/ufc-fight-night-monterrey-mexico-2015
UFC 193 Rousey vs Holm,"Etihad Stadium,   Melbourne Australia","Sun, Nov 15 / 5:15 AM AEDT",https://www.ufc.com/event/ufc-193
UFC Fight Night Pettis vs Moreno,"Mexico City Arena,   Mexico City Mexico","Sun, Aug 6 / 12:00 PM AEST",https://www.ufc.com/event/ufc-fight-night-mexico-city-2017
UFC 192 Cormier vs Gustafsson,"Toyota Center,   Houston United States","Sun, Oct 4 / 5:15 AM AEDT",https://www.ufc.com/event/ufc-192
UFC Fight Night Holohan vs Smolka,"3Arena,   Dublin Ireland","Sun, Oct 25 / 12:15 AM AEDT",https://www.ufc.com/event/ufc-fight-night-dublin-2015
UFC 215 Nunes vs Shevchenko 2,"Rogers Place,   Edmonton Canada","Sun, Sep 10 / 5:00 AM AEST",https://www.ufc.com/event/ufc-215
UFC Fight Night Johnson vs Gaethje,"T-Mobile Arena,   Las Vegas United States","Sat, Jul 8 / 11:00 AM AEST",https://www.ufc.com/event/the-ultimate-fighter-redemption-finale
UFC 213 Romero vs Whittaker,"T-Mobile Arena,   Las Vegas United States","Sun, Jul 9 / 12:00 PM AEST",https://www.ufc.com/event/ufc-213
UFC Fight Night Chiesa vs Lee,"Chesapeake Energy Arena,   Oklahoma City United States","Mon, Jun 26 / 11:00 AM AEST",https://www.ufc.com/event/ufc-fight-night-oklahoma-city-2017
UFC Fight Night Volkov vs Struve,"Ahoy Rotterdam,   Rotterdam Netherlands","Sat, Sep 2 / 9:45 PM AEST",https://www.ufc.com/event/ufc-fight-night-rotterdam-2017
UFC Fight Night Cerrone vs Till,"Ergo Arena,   Gdansk Poland","Sun, Oct 22 / 6:00 AM AEDT",https://www.ufc.com/event/ufc-fight-night-poland-2017
UFC Fight Night Nelson vs Ponzinibbio,"The SSE Hydro,   Glasgow United Kingdom","Mon, Jul 17 / 5:00 AM AEST",https://www.ufc.com/event/ufc-fight-night-glasgow-2017
UFC Fight Night Weidman vs Gastelum,"NYCB Live, Home of the Nassau Veteran's Memorial Coliseum,   Uniondale United States","Sun, Jul 23 / 10:00 AM AEST",https://www.ufc.com/event/ufc-fight-night-long-island-2017
UFC Fight Night Gustafsson vs Teixeira,"Ericsson Globe,   Stockholm Sweden","Mon, May 29 / 3:00 AM AEST",https://www.ufc.com/event/ufc-fight-night-stockholm-2017
UFC Fight Night Lewis vs Hunt,"Vector Arena,   Auckland New Zealand","Sun, Jun 11 / 12:00 PM AEST",https://www.ufc.com/event/ufc-fight-night-auckland-2017
UFC Fight Night Holm vs Correia,"Singapore Indoor Stadium,   Singapore Singapore","Sat, Jun 17 / 2:45 PM AEST",https://www.ufc.com/event/ufc-fight-night-singapore-2017
UFC 212 Aldo vs Holloway,"Arena Olimpica do Rio,   Rio de Janeiro Brazil","Sat, Jun 3 / 12:00 PM AEST",https://www.ufc.com/event/ufc-212
UFC Fight Night Belfort vs Gastelum,"Centro de Formação Olímpica: Fortaleza,   Castelão, Fortaleza Brazil","Sun, Mar 12 / 2:00 PM AEDT",https://www.ufc.com/event/ufc-fight-night-brazil-march-2017
UFC 214 Cormier vs Jones 2,"Honda Center,   Anaheim United States","Sun, Jul 30 / 12:00 PM AEST",https://www.ufc.com/event/ufc-214
UFC Fight Night Johnson vs Reis,"Sprint Center,   Kansas City United States","Sun, Apr 16 / 10:00 AM AEST",https://www.ufc.com/event/ufc-fight-night-kansas-city-2017
UFC Fight Night Swanson vs Lobov,"Bridgestone Arena,   Nashville United States","Sun, Apr 23 / 12:00 PM AEST",https://www.ufc.com/event/ufc-fight-night-nashville-2017
UFC Fight Night Shevchenko vs Peña,"Pepsi Center,   Denver United States","Sun, Jan 29 / 12:00 PM AEDT",https://www.ufc.com/event/ufc-fight-night-denver-2017
UFC 210 Cormier vs Johnson 2,"KeyBank Center,   Buffalo United States","Sun, Apr 9 / 12:00 PM AEST",https://www.ufc.com/event/ufc-210
UFC Fight Night Lewis vs Browne,"Scotiabank Centre,   Halifax Canada","Mon, Feb 20 / 1:00 PM AEDT",https://www.ufc.com/event/ufc-fight-night-halifax-2017
UFC 209 Woodley vs Thompson 2,"T-Mobile Arena,   Las Vegas United States","Sun, Mar 5 / 2:00 PM AEDT",https://www.ufc.com/event/ufc-209
UFC Fight Night Manuwa vs Anderson,"O2 Arena,   London United Kingdom","Sun, Mar 19 / 12:30 AM AEDT",https://www.ufc.com/event/ufc-fight-night-london-2017
UFC 211 Miocic vs Dos Santos 2,"American Airlines Center,   Dallas United States","Sun, May 14 / 12:00 PM AEST",https://www.ufc.com/event/ufc-211
UFC 208 Holm vs de Randamie,"Barclays Center,   Brooklyn United States","Sun, Feb 12 / 2:00 PM AEDT",https://www.ufc.com/event/ufc-208
UFC Fight Night Rodriguez vs Penn,"Footprint Center,   Phoenix United States","Mon, Jan 16 / 2:00 PM AEDT",https://www.ufc.com/event/ufc-fight-night-phoenix-2016
UFC 207 Nunes vs Rousey,"T-Mobile Arena,   Las Vegas United States","Sat, Dec 31 / 2:00 PM AEDT",https://www.ufc.com/event/ufc-207
UFC Fight Night Bermudez vs Korean Zombie,"Toyota Center,   Houston United States","Sun, Feb 5 / 2:00 PM AEDT",https://www.ufc.com/event/ufc-fight-night-houston-2017
UFC Fight Night VanZant vs Waterson,"Golden 1 Center,   Sacramento United States","Sun, Dec 18 / 12:00 PM AEDT",https://www.ufc.com/event/ufc-fight-night-sacramento
UFC Fight Night Lewis vs Abdurakhimov,"Times Union Center,   Albany United States","Sat, Dec 10 / 1:00 PM AEDT",https://www.ufc.com/event/ufc-fight-night-albany
UFC 205 Alvarez vs McGregor,"Madison Square Garden,   New York United States","Sun, Nov 13 / 2:00 PM AEDT",https://www.ufc.com/event/ufc-205
UFC Fight Night Johnson vs Elliott,"The Pearl - The Palms Hotel & Casino,   Las Vegas United States","Sun, Dec 4 / 2:00 PM AEDT",https://www.ufc.com/event/the-ultimate-fighter-24-finale
UFC 206 Holloway vs Pettis,"Scotiabank Arena,   Toronto Canada","Sun, Dec 11 / 2:00 PM AEDT",https://www.ufc.com/event/ufc-206
UFC Fight Night Bader vs Nogueira,"Ibirapuera Arena,   São Paulo Brazil","Sun, Nov 20 / 1:00 PM AEDT",https://www.ufc.com/event/ufc-fight-night-brazil-nov-19-2016
UFC Fight Night Mousasi vs Hall 2,"SSE Arena,   Glasgow United Kingdom","Sun, Nov 20 / 4:00 AM AEDT",https://www.ufc.com/event/ufc-fight-night-belfast
UFC 204 Bisping vs Henderson 2,"MEN Arena,   Manchester United Kingdom","Sun, Oct 9 / 1:00 PM AEDT",https://www.ufc.com/event/ufc-204
UFC Fight Night Whittaker vs Brunson,"Rod Laver Arena,   Melbourne Australia","Sat, Nov 26 / 2:00 PM AEDT",https://www.ufc.com/event/ufc-fight-night-melbourne-2016
UFC Fight Night Cyborg vs Lansberg,"Nilson Nelson Gymnasium,   Brasilia Brazil","Sun, Sep 25 / 12:00 PM AEST",https://www.ufc.com/event/ufc-fight-night-brasilia-2016
UFC Fight Night Poirier vs Johnson,"Hidalgo Arena,   Hidalgo United States","Sun, Sep 18 / 12:00 PM AEST",https://www.ufc.com/event/ufc-fight-night-hidalgo
UFC 202 Diaz vs McGregor 2,"T-Mobile Arena,   Las Vegas United States","Sun, Aug 21 / 12:00 PM AEST",https://www.ufc.com/event/ufc-202
UFC Fight Night Dos Anjos vs Ferguson,"Mexico City Arena,   Mexico City Mexico","Sun, Nov 6 / 1:00 PM AEDT",https://www.ufc.com/event/ufc-fight-night-mexico-city-2016
UFC Fight Night Rodriguez vs Caceres,"Vivint Smart Home Arena,   Salt Lake City United States","Sun, Aug 7 / 12:00 PM AEST",https://www.ufc.com/event/ufc-fight-night-salt-lake-city
UFC 203 Miocic vs Overeem,"Quicken Loans Arena,   Cleveland United States","Sun, Sep 11 / 12:00 PM AEST",https://www.ufc.com/event/ufc-203
UFC Fight Night Lineker vs Dodson,"Moda Center,   Portland United States","Sun, Oct 2 / 2:00 PM AEDT",https://www.ufc.com/event/ufc-fight-night-portland
UFC Fight Night Maia vs Condit,"Rogers Arena,   Vancouver Canada","Sun, Aug 28 / 10:00 AM AEST",https://www.ufc.com/event/ufc-fight-night-vancouver-2016
UFC 201 Lawler vs Woodley,"Philips Arena,   Atlanta United States","Sun, Jul 31 / 12:00 PM AEST",https://www.ufc.com/event/ufc-201
UFC Fight Night Holm vs Shevchenko,"United Center,   Chicago United States","Sun, Jul 24 / 10:00 AM AEST",https://www.ufc.com/event/ufc-fight-night-chicago-2016
UFC Fight Night Almeida vs Garbrandt,"Mandalay Bay Events Center,   Las Vegas United States","Mon, May 30 / 11:00 AM AEST",https://www.ufc.com/event/ufc-fight-night-las-vegas-may-2016
UFC Fight Night Arlovski vs Barnett,"Barclaycard Arena,   Hamburg Germany","Sat, Sep 3 / 9:45 PM AEST",https://www.ufc.com/event/ufc-fight-night-hamburg-2016
UFC Fight Night MacDonald vs Thompson,"TD Place Arena,   Ottawa Canada","Sun, Jun 19 / 12:30 PM AEST",https://www.ufc.com/event/ufc-fight-night-ottawa
UFC Fight Night Dos Anjos vs Alvarez,"MGM Grand Arena,   Las Vegas United States","Fri, Jul 8 / 4:30 AM AEST",https://www.ufc.com/event/ufc-fight-night-las-vegas-july-2016
UFC Fight Night McDonald vs Lineker,"Denny Sanford Premier Center/Sioux Falls Arena,   Sioux Falls United States","Thu, Jul 14 / 11:00 AM AEST",https://www.ufc.com/event/ufc-fight-night-sioux-falls
UFC Fight Night Team Joanna vs Team Claudia,"MGM Grand Arena,   Las Vegas United States","Sat, Jul 9 / 12:00 PM AEST",https://www.ufc.com/event/the-ultimate-fighter-finale-team-joanna-team-claudia
UFC 199 Rockhold vs Bisping 2,"The Forum,   Inglewood United States","Sun, Jun 5 / 12:00 PM AEST",https://www.ufc.com/event/ufc-199
UFC 196 McGregor vs Diaz,"MGM Grand Arena,   Las Vegas United States","Sun, Mar 6 / 5:30 AM AEDT",https://www.ufc.com/event/ufc-196
UFC 197 Jones vs Saint Preux,"MGM Grand Arena,   Las Vegas United States","Sun, Apr 24 / 4:30 AM AEST",https://www.ufc.com/event/ufc-197
UFC Fight Night Teixeira vs Evans,"Amalie Arena,   Tampa United States","Sun, Apr 17 / 10:00 AM AEST",https://www.ufc.com/event/ufc-fight-night-tampa
UFC 198 Werdum vs Miocic,"Arena da Baixada,   Curitiba Brazil","Sun, May 15 / 12:00 PM AEST",https://www.ufc.com/event/ufc-198
UFC Fight Night Overeem vs Arlovski,"Ahoy Rotterdam,   Rotterdam Netherlands","Mon, May 9 / 4:00 AM AEST",https://www.ufc.com/event/ufc-fight-night-rotterdam-2016
UFC Fight Night Hendricks vs Thompson,"MGM Grand Arena,   Las Vegas United States","Sun, Feb 7 / 2:00 PM AEDT",https://www.ufc.com/event/fight-night-hendricks-vs-thompson
UFC Fight Night Rothwell vs Dos Santos,"Arena Zagreb,   Zagreb Croatia","Mon, Apr 11 / 4:00 AM AEST",https://www.ufc.com/event/ufc-fight-night-zagreb-2016
UFC Fight Night Cowboy vs Cowboy,"PPG Paints Arena,   Pittsburgh United States","Mon, Feb 22 / 1:00 PM AEDT",https://www.ufc.com/event/ufc-fight-night-pittsburgh-2016
UFC Fight Night Silva vs Bisping,"O2 Arena,   London United Kingdom","Sat, Feb 27 / 10:45 PM AEDT",https://www.ufc.com/event/ufc-fight-night-london-2016
UFC Fight Night Hunt vs Mir,"Brisbane Entertainment Centre,   Brisbane Australia","Sun, Mar 20 / 1:00 PM AEDT",https://www.ufc.com/event/ufc-fight-night-brisbane-2016
UFC Fight Night Dillashaw vs Cruz,"TD Garden,   Boston United States","Mon, Jan 18 / 2:00 PM AEDT",https://www.ufc.com/event/ufc-fight-night-boston-2016
UFC Fight Night Namajunas vs VanZant,"The Chelsea - The Cosmopolitan,   Las Vegas United States","Fri, Dec 11 / 5:45 AM AEDT",https://www.ufc.com/event/ufc-fight-night-las-vegas-2015
UFC 200 Tate vs Nunes,"T-Mobile Arena,   Las Vegas United States","Sun, Jul 10 / 12:00 PM AEST",https://www.ufc.com/event/ufc-200
UFC 195 Lawler vs Condit,"MGM Grand Arena,   Las Vegas United States","Sun, Jan 3 / 5:30 AM AEDT",https://www.ufc.com/event/ufc-195
UFC Fight Night Johnson vs Bader,"Prudential Center,   Newark United States","Sun, Jan 31 / 12:00 PM AEDT",https://www.ufc.com/event/ufc-fight-night-new-jersey
The Ultimate Fighter Finale Team McGregor vs Teab Faber,"The Chelsea at The Cosmopolitan,   Las Vegas United States","Sat, Dec 12 / 10:00 AM AEDT",https://www.ufc.com/event/the-ultimate-fighter-finale-team-mcgregor-team-faber
UFC 194 Aldo vs McGregor,"MGM Grand Arena,   Las Vegas United States","Sun, Dec 13 / 5:30 AM AEDT",https://www.ufc.com/event/ufc-194
UFC Fight Night Dos Anjos vs Cowboy 2,"Amway Center,   Orlando United States","Sun, Dec 20 / 7:00 AM AEDT",https://www.ufc.com/event/ufc-fight-night-orlando-2015
UFC Fight Night Barnett vs Nelson,"Saitama Super Arena,   Tokyo Japan","Mon, Sep 28 / 12:00 PM AEST",https://www.ufc.com/event/ufc-fight-night-140
UFC Fight Night Henderson vs Masvidal,"Olympic Gymnastics Arena,   Seoul South Korea","Sat, Nov 28 / 4:00 PM AEDT",https://www.ufc.com/event/ufc-fight-night-seoul-south-korea-2015
UFC 191 Johnson vs Dodson 2,"MGM Grand Arena,   Las Vegas United States","Sun, Sep 6 / 5:00 AM AEST",https://www.ufc.com/event/ufc-191
UFC Fight Night Holloway vs Oliveira,"SaskTel Centre,   Saskatoon Canada","Mon, Aug 24 / 4:00 AM AEST",https://www.ufc.com/event/ufc-fight-night-saskatoon-canada-2015
UFC Fight Night Teixeira vs Saint Preux,"Bridgestone Arena,   Nashville United States","Sun, Aug 9 / 4:30 AM AEST",https://www.ufc.com/event/ufc-fight-night-nashville-2015
UFC Fight Night Bigfoot vs Mir,"Ginasio do Gigantinho,   Porto Alegre Brazil","Mon, Feb 23 / 9:00 AM AEDT",https://www.ufc.com/event/ufc-fight-night-porto-alegre
UFC 190 Rousey vs Correia,"Arena Olimpica do Rio,   Rio de Janeiro Brazil","Sun, Aug 2 / 5:00 AM AEST",https://www.ufc.com/event/ufc-190
UFC Fight Night Dillashaw vs Barao 2,"United Center,   Chicago United States","Sun, Jul 26 / 6:15 AM AEST",https://www.ufc.com/event/ufc-fight-night-chicago-2015
UFC Fight Night Machida vs Romero,"Seminole Hard Rock,   Hollywood United States","Sun, Jun 28 / 6:00 AM AEST",https://www.ufc.com/event/ufc-fight-night-hollywood-florida-2015
UFC Fight Night Bisping vs Leites,"The SSE Hydro,   Glasgow United Kingdom","Sat, Jul 18 / 8:00 PM AEST",https://www.ufc.com/event/ufc-fight-night-glasgow-2015
UFC Fight Night Mir vs Duffee,"Valley View Casino Center,   San Diego United States","Thu, Jul 16 / 5:00 AM AEST",https://www.ufc.com/event/ufc-fight-night-san-diego-2015
UFC 189 Mendes vs McGregor,"MGM Grand Arena,   Las Vegas United States","Sun, Jul 12 / 5:00 AM AEST",https://www.ufc.com/event/ufc-189
UFC Fight Night Maia vs LaFlare,"Ginasio do Maracanãzinho,   Maracanã Brazil","Sun, Mar 22 / 6:00 AM AEDT",https://www.ufc.com/event/ufc-fight-night-rio-de-janeiro-2015
UFC Fight Night Jedrzejczyk vs Penne,"Mercedes-Benz Arena,   Pudong Xinqu China","Sat, Jun 20 / 10:00 PM AEST",https://www.ufc.com/event/ufc-fight-night-berlin-germany-2015
UFC 185 Pettis vs Dos Anjos,"American Airlines Center,   Dallas United States","Sun, Mar 15 / 5:30 AM AEDT",https://www.ufc.com/event/ufc-185
UFC Fight Night Henderson vs Thatch,"1stBank Center,   Broomfield United States","Sun, Feb 15 / 7:00 AM AEDT",https://www.ufc.com/event/ufc-fight-night-broomfield
UFC Fight Night Condit vs Alves,"Ginasio José Corrêa,   Centro, Barueri Brazil","Sun, May 31 / 5:00 AM AEST",https://www.ufc.com/event/ufc-fight-night-goiania-2015
UFC Fight Night Gustafsson vs Johnson,"Tele2 Arena,   Johanneshov Sweden","Sun, Jan 25 / 3:00 AM AEDT",https://www.ufc.com/event/ufc-fight-night-stockholm-sweden
UFC 188 Velasquez vs Werdum,"Mexico City Arena,   Mexico City Mexico","Sun, Jun 14 / 5:00 AM AEST",https://www.ufc.com/event/ufc-188
UFC Fight Night Boetsch vs Henderson,"Smoothie King Center,   New Orleans United States","Sun, Jun 7 / 5:00 AM AEST",https://www.ufc.com/event/ufc-fight-night-new-orleans-2015
UFC Fight Night Miocic vs Hunt,"Adelaide Entertainment Centre,   Adelaide Australia","Sun, May 10 / 5:45 AM AEST",https://www.ufc.com/event/ufc-fight-night-adelaide-australia-2015
UFC 186 Johnson vs Horiguchi,"Bell Centre,   Montréal Canada","Sun, Apr 26 / 4:30 AM AEST",https://www.ufc.com/event/ufc-186
UFC Fight Night Edgar vs Faber,"Mall of Asia Arena,   Pasay Philippines","Sun, May 17 / 12:00 PM AEST",https://www.ufc.com/event/ufc-fight-night-29
UFC Fight Night Machida vs Rockhold,"Prudential Center,   Newark United States","Sun, Apr 19 / 2:30 AM AEST",https://www.ufc.com/event/ufc-fight-night-newark-new-jersey
UFC 184 Rousey vs Zingano,"STAPLES Center,   Los Angeles United States","Sun, Mar 1 / 6:00 AM AEDT",https://www.ufc.com/event/ufc-184
UFC Fight Night Gonzaga vs Cro Cop 2,"Tauron Arena,   Krakow Poland","Sun, Apr 12 / 1:45 AM AEST",https://www.ufc.com/event/ufc-fight-night-krakow-poland-2015
UFC Fight Night Mendes vs Lamas,"EagleBank Arena,   Fairfax United States","Sat, Apr 4 / 10:00 PM AEDT",https://www.ufc.com/event/ufc-fight-night-fairfax-2015
UFC 187 Johnson vs Cormier,"MGM Grand Arena,   Las Vegas United States","Sun, May 24 / 4:30 AM AEST",https://www.ufc.com/event/ufc-187
UFC Fight Night McGregor vs Siver,"TD Garden,   Boston United States","Mon, Jan 19 / 4:00 AM AEDT",https://www.ufc.com/event/ufc-fight-night-boston-2015
UFC Fight Night Machida vs Dollaway,"Ginasio José Corrêa,   Centro, Barueri Brazil","Sun, Dec 21 / 6:00 AM AEDT",https://www.ufc.com/event/ufc-fight-night-barueri
UFC Fight Night Shogun vs Saint Preux,"Sabiazinho Gymnasium,   Uberlandia Brazil","Sun, Nov 9 / 11:30 AM AEDT",https://www.ufc.com/event/ufc-fight-night-uberlandia
UFC 179 Aldo vs Mendes 2,"Ginasio do Maracanãzinho,   Maracanã Brazil","Sun, Oct 26 / 6:00 AM AEDT",https://www.ufc.com/event/ufc-179
UFC 182 Jones vs Cormier,"MGM Grand Arena,   Las Vegas United States","Sun, Jan 4 / 6:00 AM AEDT",https://www.ufc.com/event/ufc-182
UFC Fight Night Rockhold vs Bisping,"Qudos Bank Arena,   Sydney Olympic Park Australia","Sat, Nov 8 / 6:00 AM AEDT",https://www.ufc.com/event/ufc-fight-night-sydney-australia
UFC Fight Night Edgar vs Swanson,"Frank Erwin Center,   Austin United States","Sun, Nov 23 / 6:00 AM AEDT",https://www.ufc.com/event/ufc-fight-night-austin
The Ultimate Fighter Finale Esparza vs Namajunas,"Pearl Theatre,   Las Vegas United States","Sat, Dec 13 / 10:00 AM AEDT",https://www.ufc.com/event/the-ultimate-fighter-a-champion-will-be-crowned
UFC 183 Silva vs Diaz,"MGM Grand Arena,   Las Vegas United States","Sun, Feb 1 / 5:30 AM AEDT",https://www.ufc.com/event/ufc-183
UFC Fight Night Jacare vs Mousasi,"Foxwoods Resort Casino,   Mashantucket United States","Sat, Sep 6 / 9:00 AM AEST",https://www.ufc.com/event/ufc-fight-night-ledyard
UFC 177 Dillashaw vs Soto,"Sleep Train Arena,   Sacramento United States","Sun, Aug 31 / 9:30 AM AEST",https://www.ufc.com/event/ufc-177
UFC Fight Night Bigfoot vs Arlovski,"Nilson Nelson Gymnasium,   Brasilia Brazil","Sun, Sep 14 / 7:45 AM AEST",https://www.ufc.com/event/ufc-fight-night-brasilia
UFC Fight Night Hunt vs Nelson,"Saitama Super Arena,   Tokyo Japan","Sat, Sep 20 / 4:00 AM AEST",https://www.ufc.com/event/ufc-fight-night-127
UFC Fight Night Bisping vs Le,"Cotai Arena,   Macau Macao SAR China","Sat, Aug 23 / 4:30 PM AEST",https://www.ufc.com/event/ufc-fight-night-macao-cotai-arena
UFC Fight Night Nelson vs Story,"Ericsson Globe,   Stockholm Sweden","Sat, Oct 4 / 10:10 PM AEST",https://www.ufc.com/event/ufc-fight-night-stockholm
UFC Fight Night Dos Santos vs Miocic,"Footprint Center,   Phoenix United States","Sun, Dec 14 / 2:30 AM AEDT",https://www.ufc.com/event/ufc-fight-night-phoenix
UFC Fight Night McGregor vs Brandao,"3Arena,   Dublin Ireland","Sat, Jul 19 / 10:30 PM AEST",https://www.ufc.com/event/ufn-dublin-ireland
UFC Fight Night Bader vs Saint Preux,"Cross Insurance Center,   Bangor United States","Mon, Aug 18 / 12:00 PM AEST",https://www.ufc.com/event/ufc-fight-night-125
UFC Fight Night Te Huna vs Marquardt,"Vector Arena,   Auckland New Zealand","Sat, Jun 28 / 12:30 PM AEST",https://www.ufc.com/event/ufn-auckland-nz
UFC Fight Night Henderson vs Dos Anjos,"BOK Center,   Tulsa United States","Sun, Aug 24 / 5:30 AM AEST",https://www.ufc.com/event/ufc-fight-night-bok-center-tulsa
UFC Fight Night Lawler vs Brown,"SAP Center,   San Jose United States","Sun, Jul 27 / 2:15 AM AEST",https://www.ufc.com/event/FOX12
UFC Fight Night Cerrone vs Miller,"Revel Casino,   Atlantic City United States","Thu, Jul 17 / 4:30 AM AEST",https://www.ufc.com/event/ufc-fight-night-atlantic-city
UFC Fight Night Edgar vs Penn,"Mandalay Bay Events Center,   Las Vegas United States","Mon, Jul 7 / 4:00 AM AEST",https://www.ufc.com/event/TUF19-Finale
UFC 180 Werdum vs Hunt,"Mexico City Arena,   Mexico City Mexico","Sat, Nov 15 / 4:00 PM AEDT",https://www.ufc.com/event/ufc-180
UFC 175 Weidman vs Machida,"Mandalay Bay Events Center,   Las Vegas United States","Sun, Jul 6 / 5:00 AM AEST",https://www.ufc.com/event/ufc-175
UFC Fight Night Nogueira vs Nelson,"du Arena,   Abu Dhabi United Arab Emirates","Fri, Apr 11 / 8:00 PM AEST",https://www.ufc.com/event/ufc-abu-dhabi-nogueira-nelson
UFC Fight Night Stephens vs Swanson,"AT&T Center,   San Antonio United States","Sun, Jun 29 / 5:30 AM AEST",https://www.ufc.com/event/ufn-san-antonio-fs1
UFC Fight Night Miocic vs Maldonado,"Ibirapuera Arena,   São Paulo Brazil","Sun, Jun 1 / 8:30 AM AEST",https://www.ufc.com/event/ufn-sao-paulo-tuf-brazil
UFC Fight Night Henderson vs Khabilov,"Tingley Coliseum,   Albuquerque United States","Sun, Jun 8 / 5:30 AM AEST",https://www.ufc.com/event/ufn-albuquerque-fs1
UFC Fight Night Munoz vs Mousasi,"Mercedes-Benz Arena,   Pudong Xinqu China","Sat, May 31 / 10:30 PM AEST",https://www.ufc.com/event/fight-night-berlin
UFC 173 Barao vs Dillashaw,"MGM Grand Arena,   Las Vegas United States","Sun, May 25 / 4:30 AM AEST",https://www.ufc.com/event/ufc-173
UFC Fight Night Brown vs Silva,"US Bank Arena,   Cincinnati United States","Sun, May 11 / 4:30 AM AEST",https://www.ufc.com/event/ufn-cincinnati-fs1
UFC Fight Night Saffiedine vs MacDonald,"Scotiabank Centre,   Halifax Canada","Sun, Oct 5 / 6:00 AM AEDT",https://www.ufc.com/event/ufc-fight-night-halifax
UFC 181 Hendricks vs Lawler II,"Mandalay Bay Events Center,   Las Vegas United States","Sun, Dec 7 / 6:00 AM AEDT",https://www.ufc.com/event/ufc-181
UFC Fight Night Bisping vs Kennedy,"Colisée Pepsi,   Ville de Québec Canada","Thu, Apr 17 / 1:15 AM AEST",https://www.ufc.com/event/ufc-fight-night-quebec-city
UFC Fight Night Werdum vs Browne,"Amway Center,   Orlando United States","Sun, Apr 20 / 1:30 AM AEST",https://www.ufc.com/event/FOX11
UFC 174 Johnson vs Bagautinov,"Rogers Arena,   Vancouver Canada","Sun, Jun 15 / 5:00 AM AEST",https://www.ufc.com/event/ufc-174
UFC 172 Jones vs Teixeira,"Royal Farms Arena,   Baltimore United States","Sun, Apr 27 / 5:30 AM AEST",https://www.ufc.com/event/ufc-172
UFC 178 Johnson vs Cariaso,"MGM Grand Arena,   Las Vegas United States","Sun, Sep 28 / 5:00 AM AEST",https://www.ufc.com/event/ufc-178
UFC Fight Night Shogun vs Henderson 2,"Ginasio Nélio Dias,   Lagoa Azul, Natal Brazil","Mon, Mar 24 / 3:00 AM AEDT",https://www.ufc.com/event/ufn-natal-brazil
UFC Fight Night Kim vs Hathaway,"Cotai Arena,   Macau Macao SAR China","Sat, Mar 1 / 11:00 AM AEDT",https://www.ufc.com/event/ufn-macao-kim-hathaway
UFC 171 Hendricks vs Lawler,"American Airlines Center,   Dallas United States","Sun, Mar 16 / 5:00 AM AEDT",https://www.ufc.com/event/ufc-171
UFC Fight Night Gustafsson vs Manuwa,"O2 Arena,   London United Kingdom","Sun, Mar 9 / 1:00 AM AEDT",https://www.ufc.com/event/ufc-london
UFC Fight Night Rockhold vs Philippou,"Infinite Energy Arena,   Duluth United States","Thu, Jan 16 / 3:00 AM AEDT",https://www.ufc.com/event/ufc-fight-night-atlanta
UFC 170 Rousey vs McMann,"Mandalay Bay Events Center,   Las Vegas United States","Sun, Feb 23 / 6:00 AM AEDT",https://www.ufc.com/event/ufc-170
UFC 169 Barao vs Faber 2,"Prudential Center,   Newark United States","Sun, Feb 2 / 5:30 AM AEDT",https://www.ufc.com/event/ufc-169
UFC Fight Night Saffiedine vs Lim,"Marina Bay Sands,   Singapore Singapore","Sat, Jan 4 / 5:30 PM AEDT",https://www.ufc.com/event/ufn-singapore
UFC Fight Night Henderson vs Thomson,"United Center,   Chicago United States","Sun, Jan 26 / 3:30 AM AEDT",https://www.ufc.com/event/FOX10
UFC Fight Night Machida vs Mousasi,"Arena Jaraguá,   Nova Brasília, Jaraguá do Sul Brazil","Sun, Feb 16 / 6:30 AM AEDT",https://www.ufc.com/event/ufn-jaragua-do-sul
UFC Fight Night Belfort vs Henderson,"Goiania Arena,   Jardim Goiás Brazil","Sun, Nov 10 / 4:30 AM AEDT",https://www.ufc.com/event/ufn-belfort-henderson
UFC Fight Night Hunt vs Bigfoot,"Brisbane Entertainment Centre,   Brisbane Australia","Sat, Dec 7 / 1:00 PM AEDT",https://www.ufc.com/event/ufc-fight-night-hunt-bigfoot
UFC Fight Night Kennedy vs Natal,"Fort Campbell,   Fort Campbell United States","Thu, Nov 7 / 2:10 AM AEDT",https://www.ufc.com/event/ufc-fight-night-fftt-fort-campbell
UFC Fight Night Machida vs Munoz,"Phones 4U Arena,","Sun, Oct 27 / 2:00 PM AEDT",https://www.ufc.com/event/ufc-fight-night-machida-munoz
UFC on FOX 9 Johnson vs Benavidez,"Sleep Train Arena,   Sacramento United States","Sun, Dec 15 / 12:00 PM AEDT",https://www.ufc.com/event/FOX9
UFC Fight Night Maia vs Shields,"Ginasio José Corrêa,   Centro, Barueri Brazil","Thu, Oct 10 / 4:00 AM AEDT",https://www.ufc.com/event/ufc-fight-night-maia-shields
UFC 168 Weidman vs Silva 2,"MGM Grand Arena,   Las Vegas United States","Sun, Dec 29 / 6:00 AM AEDT",https://www.ufc.com/event/ufc-168
UFC 167 St-Pierre vs Hendricks,"MGM Grand Arena,   Las Vegas United States","Sun, Nov 17 / 5:30 AM AEDT",https://www.ufc.com/event/ufc-167
UFC 166 Velasquez vs Dos Santos III,"Toyota Center,   Houston United States","Sun, Oct 20 / 5:15 AM AEDT",https://www.ufc.com/event/ufc-166
UFC Fight Night Condit vs Kampmann 2,"Bankers Life Fieldhouse,   Indianapolis United States","Thu, Aug 29 / 12:00 PM AEST",https://www.ufc.com/event/ufc-fight-night-condit-kampmann2
UFC 165 Jones vs Gustafsson,"Scotiabank Arena,   Toronto Canada","Sun, Sep 22 / 4:15 AM AEST",https://www.ufc.com/event/ufc-165
UFC Fight Night Nogueira vs Werdum,"Centro de Formação Olímpica: Fortaleza,   Castelão, Fortaleza Brazil","Sun, Jun 9 / 2:45 AM AEST",https://www.ufc.com/event/FUEL10
UFC Fight Night Shogun vs Sonnen,"TD Garden,   Boston United States","Sun, Aug 18 / 1:00 PM AEST",https://www.ufc.com/event/ufc-fight-night-shogun-sonnen
UFC 164 Henderson vs Pettis 2,"BMO Harris Bradley Center,   Milwaukee United States","Sun, Sep 1 / 4:30 AM AEST",https://www.ufc.com/event/ufc-164
UFC Fight Night Johnson vs Moraga,"KeyArena,   Seattle United States","Sun, Jul 28 / 1:55 AM AEST",https://www.ufc.com/event/FOX8
UFC Fight Night Teixeira vs Bader,"Mineirinho Gymnasium,   Belo Horizonte Brazil","Thu, Sep 5 / 2:30 AM AEST",https://www.ufc.com/event/ufc-fight-night-teixeira-bader
UFC 162 Silva vs Weidman,"MGM Grand Arena,   Las Vegas United States","Sun, Jul 7 / 5:00 AM AEST",https://www.ufc.com/event/ufc-162
UFC 161 Evans vs Henderson,"Bell MTS Place,   Winnipeg Canada","Sun, Jun 16 / 5:00 AM AEST",https://www.ufc.com/event/ufc-161
UFC 160 Velasquez vs Bigfoot 2,"MGM Grand Arena,   Las Vegas United States","Sun, May 26 / 4:30 AM AEST",https://www.ufc.com/event/ufc-160
UFC Fight Night Henderson vs Melendez,"SAP Center,   San Jose United States","Sun, Apr 21 / 2:00 AM AEST",https://www.ufc.com/event/FOX7
UFC 163 Aldo vs Korean Zombie,"Arena Olimpica do Rio,   Rio de Janeiro Brazil","Sun, Aug 4 / 4:30 AM AEST",https://www.ufc.com/event/ufc-163
UFC Fight Night Johnson vs Dodson,"United Center,   Chicago United States","Sun, Jan 27 / 3:00 AM AEDT",https://www.ufc.com/event/FOX6
UFC Fight Night Barao vs McDonald,"Wembley Arena,   London United Kingdom","Sat, Feb 16 / 11:00 PM AEDT",https://www.ufc.com/event/FUEL7
UFC Fight Night Silva vs Stann,"Saitama Super Arena,   Tokyo Japan","Sun, Mar 3 / 6:00 AM AEDT",https://www.ufc.com/event/FUEL8
UFC 157 Rousey vs Carmouche,"Honda Center,   Anaheim United States","Sun, Feb 24 / 5:30 AM AEDT",https://www.ufc.com/event/ufc-157
UFC 158 St-Pierre vs Diaz,"Bell Centre,   Montréal Canada","Sun, Mar 17 / 5:30 AM AEDT",https://www.ufc.com/event/ufc-158
UFC 159 Jones vs Sonnen,"Prudential Center,   Newark United States","Sun, Apr 28 / 4:30 AM AEST",https://www.ufc.com/event/ufc-159
UFC 156 Aldo vs Edgar,"Mandalay Bay Events Center,   Las Vegas United States","Sun, Feb 3 / 6:00 AM AEDT",https://www.ufc.com/event/ufc-156
UFC 155 Dos Santos vs Velasquez,"MGM Grand Garden Arena,","Sun, Dec 30 / 2:00 PM AEDT",https://www.ufc.com/event/ufc-155
UFC 154 St-Pierre vs Condit,"Bell Centre,   Montréal Canada","Sun, Nov 18 / 2:00 PM AEDT",https://www.ufc.com/event/ufc-154-live-pay-view
UFC Fight Night Team Carwin vs Team Nelson,"The Joint - Hard Rock Hotel,   Las Vegas United States","Sun, Dec 16 / 4:30 AM AEDT",https://www.ufc.com/event/TUF16-Finale
UFC Fight Night Franklin vs Le,"Cotai Arena,   Macau Macao SAR China","Sat, Nov 10 / 6:00 PM AEDT",https://www.ufc.com/event/FUEL6
UFC 153 Silva vs Bonnar,"Arena Olimpica do Rio,   Rio de Janeiro Brazil","Sun, Oct 14 / 6:00 AM AEDT",https://www.ufc.com/event/ufc-153
UFC Fight Night Henderson vs Diaz,"KeyArena,   Seattle United States","Sun, Dec 9 / 3:20 AM AEDT",https://www.ufc.com/event/FOX5
UFC Fight Night Browne vs Bigfoot,"Target Center,   Minneapolis United States","Sat, Oct 6 / 3:00 AM AEST",https://www.ufc.com/event/FX5
UFC on FOX 4 Shogun vs Vera,"STAPLES Center,   Los Angeles United States","Sun, Aug 5 / 10:00 AM AEST",https://www.ufc.com/event/FOX4
UFC 150 Henderson vs Edgar,"Pepsi Center,   Denver United States","Sun, Aug 12 / 12:00 PM AEST",https://www.ufc.com/event/ufc-150
UFC Fight Night Struve vs Miocic,"Motorpoint Arena Nottingham,   Nottingham United Kingdom","Sat, Sep 29 / 11:30 PM AEST",https://www.ufc.com/event/FUEL5
UFC 152 Jones vs Belfort,"Scotiabank Arena,   Toronto Canada","Sun, Sep 23 / 4:45 AM AEST",https://www.ufc.com/event/ufc-152
UFC 154 St-Pierre vs Condit,"Bell Centre,   Montréal Canada","Sun, Nov 18 / 5:30 AM AEDT",https://www.ufc.com/event/ufc-154
UFC 148 Silva vs Sonnen,"MGM Grand Garden Arena,","Sun, Jul 8 / 12:00 PM AEST",https://www.ufc.com/event/ufc-148
The Ultimate Fighter Live Finale Ellenberger vs Kampmann,"The Pearl,","Sat, Jun 2 / 11:00 AM AEST",https://www.ufc.com/event/TUF-Live-1-Finale
UFC 146 Dos Santos vs Mir,"MGM Grand Arena,   Las Vegas United States","Sun, May 27 / 4:45 AM AEST",https://www.ufc.com/event/ufc-146
UFC Fight Night Diaz vs Miller,"Meadowlands Arena,   East Rutherford United States","Sun, May 6 / 2:00 AM AEST",https://www.ufc.com/event/FOX3
UFC 145 Jones vs Evans,"Philips Arena,   Atlanta United States","Sun, Apr 22 / 5:00 AM AEST",https://www.ufc.com/event/ufc-145
UFC Fight Night Gustafsson vs Silva,"Ericsson Globe,   Stockholm Sweden","Sat, Apr 14 / 10:00 PM AEST",https://www.ufc.com/event/UFCSweden
UFC Fight Night Evans vs Davis,"United Center,   Chicago United States","Sun, Jan 29 / 4:00 AM AEDT",https://www.ufc.com/event/UFCFox2
UFC Fight Night Sanchez vs Ellenberger,"Omaha Civic Auditorium,   Omaha United States","Thu, Feb 16 / 5:00 AM AEDT",https://www.ufc.com/event/UFCFUEL1
UFC Fight Night Guillard vs Miller,"Bridgestone Arena,   Nashville United States","Sat, Jan 21 / 6:00 AM AEDT",https://www.ufc.com/event/UFCFX1
UFC 142 Aldo vs Mendes,"Arena Olimpica do Rio,   Rio de Janeiro Brazil","Sun, Jan 15 / 6:30 AM AEDT",https://www.ufc.com/event/ufc-142
UFC 144 Edgar vs Henderson,"Saitama Super Arena,   Tokyo Japan","Sun, Feb 26 / 6:00 AM AEDT",https://www.ufc.com/event/ufc-144
UFC 143 Diaz vs Condit,"Mandalay Bay Events Center,   Las Vegas United States","Sun, Feb 5 / 6:00 AM AEDT",https://www.ufc.com/event/ufc-143
UFC 141 Lesnar vs Overeem,"MGM Grand Arena,   Las Vegas United States","Sat, Dec 31 / 6:00 AM AEDT",https://www.ufc.com/event/ufc-141
UFC 140 Jones vs Machida,"Scotiabank Arena,   Toronto Canada","Sun, Dec 11 / 4:30 AM AEDT",https://www.ufc.com/event/ufc-140
UFC 138 Leben vs Munoz,"Genting Arena,   Marston Green United Kingdom","Sat, Nov 5 / 10:00 PM AEDT",https://www.ufc.com/event/ufc-138
UFC Fight Night Velasquez vs Dos Santos,"Honda Center,   Anaheim United States","Sun, Nov 13 / 3:55 AM AEDT",https://www.ufc.com/event/UFC-on-Fox
UFC 136 Edgar vs Maynard,"Toyota Center,   Houston United States","Sun, Oct 9 / 12:00 PM AEDT",https://www.ufc.com/event/ufc-136
UFC 137 Penn vs Diaz,"Mandalay Bay Events Center,   Las Vegas United States","Sun, Oct 30 / 5:00 AM AEDT",https://www.ufc.com/event/ufc-137
UFC Fight Night Shields vs Ellenberger,"New Orleans Convention Center,   New Orleans United States","Sun, Sep 18 / 3:30 AM AEST",https://www.ufc.com/event/UFN25
UFC 135 Jones vs Jackson,"Pepsi Center,   Denver United States","Sun, Sep 25 / 11:00 AM AEST",https://www.ufc.com/event/ufc-135
UFC 134 Silva vs Okami,"Arena Olimpica do Rio,   Rio de Janeiro Brazil","Sun, Aug 28 / 4:00 AM AEST",https://www.ufc.com/event/ufc-134
UFC Live on Versus KONGO vs BARRY,"CONSOL Energy Center,   Pittsburgh United States","Mon, Jun 27 / 11:00 AM AEST",https://www.ufc.com/event/UFCLive4
UFC 132 Cruz vs Faber,"MGM Grand Arena,   Las Vegas United States","Sun, Jul 3 / 4:00 AM AEST",https://www.ufc.com/event/ufc-132
UFC 129 St-Pierre vs Shields,"Rogers Centre,   Toronto Canada","Sun, May 1 / 4:00 AM AEST",https://www.ufc.com/event/ufc-129
UFC 125 Edgar vs Maynard,"MGM Grand Garden Arena,","Sun, Jan 2 / 2:00 PM AEDT",https://www.ufc.com/event/ufc-125
UFC 127 Penn vs Fitch,"Qudos Bank Arena,   Sydney Olympic Park Australia","Sun, Feb 27 / 6:00 AM AEDT",https://www.ufc.com/event/ufc-127
UFC 128 SHOGUN vs JONES,"Prudential Center,   Newark United States","Sun, Mar 20 / 1:00 PM AEDT",https://www.ufc.com/event/ufc-128
UFC 126 Silva vs Belfort,"Mandalay Bay Events Center,   Las Vegas United States","Sun, Feb 6 / 6:00 AM AEDT",https://www.ufc.com/event/ufc-126
The Ultimate Fighter 12 Team GSP vs Team Koscheck Finale,"The Pearl,","Sun, Dec 5 / 1:00 PM AEDT",https://www.ufc.com/event/TUF12-Finale
UFC 124 ST-PIERRE vs KOSCHECK,"Bell Centre,   Montréal Canada","Sun, Dec 12 / 2:00 PM AEDT",https://www.ufc.com/event/ufc-124
UFC 123 RAMPAGE vs MACHIDA,"Palace of Auburn Hills,   Auburn Hills United States","Sun, Nov 21 / 2:00 PM AEDT",https://www.ufc.com/event/ufc-123
UFC 122 Marquardt vs Okami,"Konig Pilsener Arena,   Oberhausen Germany","Sat, Nov 13 / 11:00 PM AEDT",https://www.ufc.com/event/ufc-122
UFC 119 Mir vs Cro Cop,"Bankers Life Fieldhouse,   Indianapolis United States","Sun, Sep 26 / 5:00 AM AEST",https://www.ufc.com/event/ufc-119
UFC Fight Night Marquardt vs Palhares,"Frank Erwin Center,   Austin United States","Thu, Sep 16 / 3:00 AM AEST",https://www.ufc.com/event/ufc-fight-night-palhares-marquardt
UFC 120 Bisping vs Akiyama,"O2 Arena,   London United Kingdom","Sat, Oct 16 / 11:00 PM AEDT",https://www.ufc.com/event/ufc-120
UFC 121 Lesnar vs Velasquez,"Honda Center,   Anaheim United States","Sun, Oct 24 / 6:00 AM AEDT",https://www.ufc.com/event/ufc-121
UFC LIVE JONES vs MATYUSHENKO,"San Diego Sports Arena,","Mon, Aug 2 / 12:00 PM AEST",https://www.ufc.com/event/UFC-Live-JONES-vs-MATYUSHENKO
UFC 118 EDGAR vs PENN 2,"TD Garden,   Boston United States","Sun, Aug 29 / 12:00 PM AEST",https://www.ufc.com/event/ufc-118
UFC 116 Lesnar vs Carwin,"MGM Grand Arena,   Las Vegas United States","Sun, Jul 4 / 5:00 AM AEST",https://www.ufc.com/event/ufc-116
UFC 117 Silva vs Sonnen,"Oracle Arena,   Oakland United States","Sun, Aug 8 / 5:00 AM AEST",https://www.ufc.com/event/ufc-117
UFC 113 MACHIDA vs SHOGUN 2,"Bell Centre,   Montréal Canada","Sun, May 9 / 8:00 AM AEST",https://www.ufc.com/event/ufc-113
The Ultimate Fighter FINALE Team Liddell vs Team Ortiz,"The Pearl,","Sun, Jun 20 / 7:00 AM AEST",https://www.ufc.com/event/The-Ultimate-Fighter-Team-Liddell-vs-Team-Ortiz-FINALE
UFC 114 RAMPAGE vs EVANS,"MGM Grand Garden Arena,","Sun, May 30 / 8:00 AM AEST",https://www.ufc.com/event/ufc-114
UFC 115 Liddell vs Franklin,"Rogers Arena,   Vancouver Canada","Sun, Jun 13 / 5:00 AM AEST",https://www.ufc.com/event/ufc-115
UFC Fight Night Florian vs Gomi,"Bojangles' Coliseum,","Thu, Apr 1 / 5:00 AM AEDT",https://www.ufc.com/event/UFC-Fight-Night-Florian-vs-Gomi
UFC 110 NOGUEIRA vs VELASQUEZ,"Acer Arena,   Sydney Australia","Sun, Feb 21 / 9:00 AM AEDT",https://www.ufc.com/event/ufc-110
UFC 112 Silva vs Maia,"Concert Arena, Yas Island,","Sun, Apr 11 / 8:00 AM AEST",https://www.ufc.com/event/ufc-112
UFC Fight Night Maynard vs Diaz,"Patriot Center,","Tue, Jan 12 / 9:00 AM AEDT",https://www.ufc.com/event/UFC-Fight-Night-Maynard-vs-Diaz
UFC on Versus VERA vs JONES,"1stBank Center,   Broomfield United States","Mon, Mar 22 / 8:00 AM AEDT",https://www.ufc.com/event/UFC-on-Versus--Vera-vs-Jones
UFC 108 Evans vs Silva,"MGM Grand Arena,   Las Vegas United States","Sat, Jan 2 / 11:00 AM AEDT",https://www.ufc.com/event/ufc-108
UFC 111 St-Pierre vs Hardy,"Prudential Center,   Newark United States","Sun, Mar 28 / 6:00 AM AEDT",https://www.ufc.com/event/ufc-111
UFC 105 Couture vs Vera,"MEN Arena,   Manchester United Kingdom","Sat, Nov 14 / 11:00 AM AEDT",https://www.ufc.com/event/ufc-105
UFC 107 Penn vs Sanchez,"FedEx Forum,   Memphis United States","Sat, Dec 12 / 11:00 AM AEDT",https://www.ufc.com/event/ufc-107
UFC 106 ORTIZ vs GRIFFIN 2,"Mandalay Bay Events Center,   Las Vegas United States","Sun, Nov 22 / 9:00 AM AEDT",https://www.ufc.com/event/ufc-106
UFC 103 FRANKLIN vs BELFORT,"American Airlines Center,   Dallas United States","Sun, Sep 20 / 8:00 AM AEST",https://www.ufc.com/event/ufc-103
UFC 102 COUTURE vs NOGUEIRA,"Rose Garden Arena,","Sun, Aug 30 / 8:00 AM AEST",https://www.ufc.com/event/ufc-102
UFC 104 Machida vs Rua,"STAPLES Center,   Los Angeles United States","Sun, Oct 25 / 9:00 AM AEDT",https://www.ufc.com/event/ufc-104
UFC Fight Night Stevenson vs Guillard,"The Pearl,","Thu, Apr 5 / 10:00 AM AEST",https://www.ufc.com/event/UFC-Fight-Night-Stevenson-vs-Guillard
UFC 100 Lesnar vs Mir,"Mandalay Bay Events Center,   Las Vegas United States","Sun, Jul 12 / 8:00 AM AEST",https://www.ufc.com/event/ufc-100
UFC 101 Penn vs Florian,"Wachovia Center,","Sun, Aug 9 / 8:00 AM AEST",https://www.ufc.com/event/ufc-101
The Ultimate Fighter Team US vs Team UK FINALE,"The Pearl,","Sun, Jun 21 / 7:00 AM AEST",https://www.ufc.com/event/The-Ultimate-Fighter-Team-US-vs-Team-UK-FINALE
UFC 97 Silva vs Leites,"Centre Bell,","Sun, Apr 19 / 8:00 AM AEST",https://www.ufc.com/event/ufc-97
UFC 98 EVANS vs MACHIDA,"MGM Grand Garden Arena,","Sun, May 24 / 8:00 AM AEST",https://www.ufc.com/event/ufc-98
UFC Fight Night CONDIT vs KAMPMANN,"Sommet Center,","Thu, Apr 2 / 7:00 AM AEDT",https://www.ufc.com/event/UFC-Fight-Night-Condit-vs-Kampmann
UFC 96 Jackson vs Jardine,"Nationwide Arena,   Columbus United States","Sat, Mar 7 / 11:00 AM AEDT",https://www.ufc.com/event/ufc-96
UFC 94 St-Pierre vs Penn,"MGM Grand Garden Arena,","Sun, Feb 1 / 9:00 AM AEDT",https://www.ufc.com/event/ufc-94
UFC Fight Night Lauzon vs Stephens,"Sun Dome,","Sat, Feb 7 / 11:00 AM AEDT",https://www.ufc.com/event/UFC-Fight-Night-Lauzon-vs-Stephens
UFC 93 FRANKLIN vs HENDERSON,"The O2,","Sun, Jan 18 / 2:00 AM AEDT",https://www.ufc.com/event/ufc-93
UFC 95 Sanchez vs Stevenson,"O2 Arena,   London United Kingdom","Sat, Feb 21 / 11:00 AM AEDT",https://www.ufc.com/event/ufc-95
The Ultimate Fighter Finale Team Nog vs Team Mir,"The Pearl,","Sun, Dec 14 / 8:00 AM AEDT",https://www.ufc.com/event/The-Ultimate-Fighter-Finale-Team-Nog-vs-Team-Mir
UFC 92 Evans vs Griffin,"MGM Grand Garden Arena,","Sun, Dec 28 / 9:00 AM AEDT",https://www.ufc.com/event/ufc-92
UFC 91 COUTURE vs LESNAR,"MGM Grand Garden Arena,","Sun, Nov 16 / 9:00 AM AEDT",https://www.ufc.com/event/ufc-91
UFC 89 Bisping vs Leben,"Arena Birmingham,   Birmingham United Kingdom","Sat, Oct 18 / 11:00 AM AEDT",https://www.ufc.com/event/ufc-89
UFC Fight Night Diaz vs Neer,"Omaha Civic Auditorium,   Omaha United States","Wed, Sep 17 / 10:00 AM AEST",https://www.ufc.com/event/UFC-Fight-Night-Diaz-vs-Neer
UFC 90 Silva vs Cote,"Allstate Arena,   Rosemont United States","Sat, Oct 25 / 11:00 AM AEDT",https://www.ufc.com/event/ufc-90
UFC 84 Penn vs Sherk,"MGM Grand Garden Arena,","Sun, May 25 / 8:00 AM AEST",https://www.ufc.com/event/ufc-84
UFC 83 SERRA vs ST-PIERRE 2,"Centre Bell,","Sun, Apr 20 / 8:00 AM AEST",https://www.ufc.com/event/ufc-83
UFC Fight Night Swick vs Burkman,"The Pearl,","Wed, Jan 23 / 11:00 AM AEDT",https://www.ufc.com/event/UFC-Fight-Night-Swick-vs-Burkman
UFC Fight Night Florian vs Lauzon,"Broomfield Event Center,","Wed, Apr 2 / 11:00 AM AEDT",https://www.ufc.com/event/UFC-Fight-Night-Kenny-Florian-vs-Joe-Lauzon
UFC 82 Silva vs Henderson,"Nationwide Arena,   Columbus United States","Sun, Mar 2 / 9:00 AM AEDT",https://www.ufc.com/event/ufc-82
UFC 79 St-Pierre vs Hughes,"Mandalay Bay Events Center,   Las Vegas United States","Sun, Dec 30 / 9:00 AM AEDT",https://www.ufc.com/event/ufc-79
UFC 81 Nogueira vs Sylvia,"Mandalay Bay Events Center,   Las Vegas United States","Sun, Feb 3 / 9:00 AM AEDT",https://www.ufc.com/event/ufc-81
UFC 80 Penn vs Stevenson,"Metro Radio Arena,","Sun, Jan 20 / 2:00 AM AEDT",https://www.ufc.com/event/ufc-80
UFC Fight Night THOMAS vs FLORIAN,"The Pearl,","Thu, Sep 20 / 7:00 AM AEST",https://www.ufc.com/event/UFC-Fight-Night-Din-Thomas-vs-Kenny-Florian
UFC 74 Couture vs Gonzaga,"Mandalay Bay Events Center,   Las Vegas United States","Sun, Aug 26 / 8:00 AM AEST",https://www.ufc.com/event/ufc-74
UFC 77 Silva vs Franklin,"US Bank Arena,   Cincinnati United States","Sun, Oct 21 / 8:00 AM AEST",https://www.ufc.com/event/ufc-77
UFC 75 Jackson vs Henderson,"O2 Arena,   London United Kingdom","Sun, Sep 9 / 7:00 AM AEST",https://www.ufc.com/event/ufc-75
UFC 73 Silva vs Marquardt,"Power Balance Pavilion,","Sun, Jul 8 / 8:00 AM AEST",https://www.ufc.com/event/ufc-73
UFC Fight Night STOUT vs FISHER,"Seminole Hard Rock Hotel & Casino,","Wed, Jun 13 / 7:00 AM AEST",https://www.ufc.com/event/UFC-Fight-Night-Sam-Stout-vs-Spencer-Fisher
UFC 68 Couture vs Sylvia,"Nationwide Arena,   Columbus United States","Sun, Mar 4 / 9:00 AM AEDT",https://www.ufc.com/event/ufc-68
The Ultimate Fighter 5 Finale Team Pulver vs Team Penn,"The Pearl,","Sun, Jun 24 / 7:00 AM AEST",https://www.ufc.com/event/The-Ultimate-Fighter-5-Finale
UFC 69 Serra vs St-Pierre,"Toyota Center,   Houston United States","Sun, Apr 8 / 8:00 AM AEST",https://www.ufc.com/event/ufc-69
UFC 71 LIDDELL vs JACKSON,"MGM Grand Garden Arena,","Mon, May 28 / 2:00 AM AEST",https://www.ufc.com/event/ufc-71
UFC Fight Night Sanchez vs Riggs,"Hangar 1,","Wed, Dec 13 / 11:00 AM AEDT",https://www.ufc.com/event/UFC-Fight-Night-Sanchez-vs-Riggs
UFC 66 Liddell vs Ortiz 2,"MGM Grand Garden Arena,","Sun, Dec 31 / 9:00 AM AEDT",https://www.ufc.com/event/ufc-66
UFC Fight Night Sanchez vs Parisyan,"Red Rock Casino Resort Spa,","Thu, Aug 17 / 10:00 AM AEST",https://www.ufc.com/event/UFC-Fight-Night-6
UFC 65 St-Pierre vs Hughes,"Power Balance Pavilion,","Sun, Nov 19 / 9:00 AM AEDT",https://www.ufc.com/event/ufc-65
UFC Fight Night Bonnar vs Jardine,"The Joint - Hard Rock Hotel & Casino,","Thu, Apr 6 / 10:00 AM AEST",https://www.ufc.com/event/UFC-Fight-Night-4
UFC Fight Night Loiseau vs Tanner,"The Joint - Hard Rock Hotel & Casino,","Mon, Oct 3 / 10:00 AM AEST",https://www.ufc.com/event/UFC-Fight-Night-2
UFC Fight Night Sylvia vs Silva,"The Joint - Hard Rock Hotel & Casino,","Mon, Jan 16 / 11:00 AM AEDT",https://www.ufc.com/event/UFC-Fight-Night-3
The Ultimate Fighter 2 Finale Team Hughes vs Team Franklin,"The Joint - Hard Rock Hotel & Casino,","Sun, Nov 6 / 7:00 AM AEDT",https://www.ufc.com/event/The-Ultimate-Fighter-2-Finale
UFC Fight Night Marquardt vs Salaverry,"Cox Pavillion, UNLV Campus,","Sat, Aug 6 / 10:00 AM AEST",https://www.ufc.com/event/UFC-Fight-Night-1
UFC 64 Silva vs Franklin,"Mandalay Bay Events Center,   Las Vegas United States","Sun, Oct 15 / 8:00 AM AEST",https://www.ufc.com/event/ufc-64
The Ultimate Fighter 3 Finale Team Ortiz vs Team Shamrock,"The Joint - Hard Rock Hotel & Casino,","Sun, Jun 25 / 4:00 AM AEST",https://www.ufc.com/event/The-Ultimate-Fighter-3-Finale
UFC 62 Liddell vs Sobral,"Mandalay Bay Events Center,   Las Vegas United States","Sat, Aug 26 / 10:00 AM AEST",https://www.ufc.com/event/ufc-62
UFC 61 Sylvia vs Arlovski,"Mandalay Bay Events Center,   Las Vegas United States","Sun, Jul 9 / 8:00 AM AEST",https://www.ufc.com/event/ufc-61
UFC 63 Hughes vs Penn,"Honda Center,   Anaheim United States","Sat, Sep 23 / 10:00 AM AEST",https://www.ufc.com/event/ufc-63
UFC 58 Franklin vs Loiseau,"Mandalay Bay Events Center,   Las Vegas United States","Sun, Mar 5 / 9:00 AM AEDT",https://www.ufc.com/event/ufc-58
UFC 59 Sylvia vs Arlovski,"Honda Center,   Anaheim United States","Sun, Apr 16 / 8:00 AM AEST",https://www.ufc.com/event/ufc-59
UFC 57 Liddell vs Couture 3,"Mandalay Bay Events Center,   Las Vegas United States","Sun, Feb 5 / 9:00 AM AEDT",https://www.ufc.com/event/ufc-57
UFC 60 Hughes vs Gracie,"STAPLES Center,   Los Angeles United States","Sat, May 27 / 10:00 AM AEST",https://www.ufc.com/event/ufc-60
UFC 56 Franklin vs Quarry,"MGM Grand Garden Arena,","Sun, Nov 20 / 9:00 AM AEDT",https://www.ufc.com/event/ufc-56
UFC 55 Arlovski vs Buentello,"Mohegan Sun Arena,","Sat, Oct 8 / 8:00 AM AEST",https://www.ufc.com/event/ufc-55
UFC 52 Couture vs Liddell II,"MGM Grand Garden Arena,","Sun, Apr 17 / 8:00 AM AEST",https://www.ufc.com/event/ufc-52
UFC 8 David vs Goliath,"Ruben Rodriguez Coliseum,","Sat, Feb 17 / 9:00 AM AEDT",https://www.ufc.com/event/ufc-8
UFC Fight Night Swanson vs Ortega,"Save Mart Center,   Fresno United States","Sun, Dec 10 / 5:30 AM AEDT",https://www.ufc.com/event/ufc-fight-night-fresno-dec-9-2017
UFC 221 Romero vs Rockhold,"Perth Arena,   Perth Australia","Sun, Feb 11 / 5:30 AM AEDT",https://www.ufc.com/event/ufc-221
UFC Fight Night Stephens vs Choi,"Scottrade Center,   St. Louis United States","Mon, Jan 15 / 5:30 AM AEDT",https://www.ufc.com/event/ufc-fight-night-st-louis-january-14-2018
UFC Fight Night Werdum vs Volkov,"O2 Arena,   London United Kingdom","Sun, Mar 18 / 8:00 AM AEDT",https://www.ufc.com/event/ufc-fight-night-london-march-17-2018
UFC 220 Miocic vs Ngannou,"TD Garden,   Boston United States","Sun, Jan 21 / 2:00 PM AEDT",https://www.ufc.com/event/ufc-220
UFC 222 Cyborg vs Kunitskaya,"T-Mobile Arena,   Las Vegas United States","Sun, Mar 4 / 5:30 AM AEDT",https://www.ufc.com/event/ufc-222
UFC Fight Night Montano vs Modafferi,"Park Theatre,   Las Vegas United States","Sat, Dec 2 / 6:30 AM AEDT",https://www.ufc.com/event/the-ultimate-fighter-finale-dec-1-2017
UFC Fight Night Lawler vs Dos Anjos,"Bell MTS Place,   Winnipeg Canada","Sun, Dec 17 / 12:00 PM AEDT",https://www.ufc.com/event/ufc-fight-night-winnipeg-dec-16-2017
UFC Fight Night Bisping vs Gastelum,"Mercedes-Benz Arena,   Pudong Xinqu China","Sat, Nov 25 / 2:45 PM AEDT",https://www.ufc.com/event/ufc-fight-night-shanghai-nov-25-2017
UFC Fight Night Poirier vs Pettis,"Ted Constant Convocation Center,   Norfolk United States","Sun, Nov 12 / 6:00 AM AEDT",https://www.ufc.com/event/ufc-fight-night-norfolk-nov-11-2017
UFC 219 Cyborg vs Holm,"T-Mobile Arena,   Las Vegas United States","Sun, Dec 31 / 6:30 AM AEDT",https://www.ufc.com/event/ufc-219
UFC Fight Night Brunson vs Machida,"Ibirapuera Arena,   São Paulo Brazil","Sun, Oct 29 / 1:00 PM AEDT",https://www.ufc.com/event/ufc-fight-night-brazil-oct-28-2017
UFC 217 Bisping vs St-Pierre,"Madison Square Garden,   New York United States","Sun, Nov 5 / 1:00 PM AEDT",https://www.ufc.com/event/ufc-217
UFC 216 Ferguson vs Lee,"T-Mobile Arena,   Las Vegas United States","Sun, Oct 8 / 6:00 AM AEDT",https://www.ufc.com/event/ufc-216
UFC 218 Holloway vs Aldo 2,"Little Caesars Arena,   Detroit United States","Sun, Dec 3 / 5:15 AM AEDT",https://www.ufc.com/event/ufc-218
UFC Fight Night Rockhold vs Branch,"PPG Paints Arena,   Pittsburgh United States","Sun, Sep 17 / 6:00 AM AEST",https://www.ufc.com/event/ufc-fight-night-pittsburgh-2017
UFC Fight Night Werdum vs Tybura,"Qudos Bank Arena,   Sydney Olympic Park Australia","Sun, Nov 19 / 5:30 AM AEDT",https://www.ufc.com/event/ufc-fight-night-sydney-2017
UFC Fight Night Saint Preux vs Okami,"Saitama Super Arena,   Tokyo Japan","Sat, Sep 23 / 6:00 AM AEST",https://www.ufc.com/event/ufc-fight-night-japan-2017
UFC 228 Woodley vs Till,"American Airlines Center,   Dallas United States","Sun, Sep 9 / 4:15 AM AEST",https://www.ufc.com/event/ufc-228
UFC Fight Night Hunt vs Oleinik,"Olimpiyskiy Stadium,   Moskva Russia","Sun, Sep 16 / 4:00 AM AEST",https://www.ufc.com/event/fight-night-moscow-sept-15-2018
UFC Fight Night Shogun vs Smith,"Barclaycard Arena,   Hamburg Germany","Sun, Jul 22 / 8:30 PM AEST",https://www.ufc.com/event/fight-night-hamburg-2018
UFC 227 Dillashaw vs Garbrandt 2,"STAPLES Center,   Los Angeles United States","Sun, Aug 5 / 4:30 AM AEST",https://www.ufc.com/event/ufc-227
UFC Fight Night Alvarez vs Poirier 2,"Scotiabank Saddledome,   Calgary Canada","Sun, Jul 29 / 2:00 AM AEST",https://www.ufc.com/event/fight-night-canada-july-28-2018
UFC Fight Night Gaethje vs Vick,"Pinnacle Bank Arena,   Lincoln United States","Sun, Aug 26 / 4:30 AM AEST",https://www.ufc.com/event/fight-night-lincoln-2018
UFC Fight Night Holloway vs Allen,"T-Mobile Center,   Kansas City United States","Sun, Apr 16 / 10:30 AM AEST",https://www.ufc.com/event/ufc-fight-night-april-15-2023
UFC 290 Volkanovski vs Rodriguez,"T-Mobile Arena,   Las Vegas United States","Sun, Jul 9 / 12:00 PM AEST",https://www.ufc.com/event/ufc-290
UFC 288 Sterling vs Cejudo,"Prudential Center,   Newark United States","Sun, May 7 / 12:00 PM AEST",https://www.ufc.com/event/ufc-288
UFC 294 Makhachev vs Volkanovski 2,"Etihad Arena,   Yas Island/Yas West United Arab Emirates","Sun, Oct 22 / 5:00 AM AEDT",https://www.ufc.com/event/ufc-294
UFC Fight Night Pavlovich vs Blaydes,"UFC APEX,   Las Vegas United States","Sun, Apr 23 / 9:00 AM AEST",https://www.ufc.com/event/ufc-fight-night-april-22-2023
UFC Fight Night Gane vs Spivac,"Accor Arena,   Paris France","Sun, Sep 3 / 5:00 AM AEST",https://www.ufc.com/event/ufc-fight-night-september-02-2023
UFC 292 Sterling vs O'Malley,"TD Garden,   Boston United States","Sun, Aug 20 / 12:00 PM AEST",https://www.ufc.com/event/ufc-292
UFC Fight Night Luque vs Dos Anjos,"UFC APEX,   Las Vegas United States","Sun, Aug 13 / 9:00 AM AEST",https://www.ufc.com/event/ufc-fight-night-august-12-2023
UFC 293 Adesanya vs Strickland,"Qudos Bank Arena,   Sydney Olympic Park Australia","Sun, Sep 10 / 12:00 PM AEST",https://www.ufc.com/event/ufc-293
UFC 291 Poirier vs Gaethje 2,"Delta Center,   Salt Lake City United States","Sun, Jul 30 / 12:00 PM AEST",https://www.ufc.com/event/ufc-291
UFC Fight Night Holm vs Bueno Silva,"UFC APEX,   Las Vegas United States","Sun, Jul 16 / 12:00 PM AEST",https://www.ufc.com/event/ufc-fight-night-july-15-2023
UFC Fight Night Strickland vs Magomedov,"UFC APEX,   Las Vegas United States","Sun, Jul 2 / 9:00 AM AEST",https://www.ufc.com/event/ufc-fight-night-july-01-2023
UFC Fight Night Aspinall vs Tybura,"O2 Arena,   London United Kingdom","Sun, Jul 23 / 5:00 AM AEST",https://www.ufc.com/event/ufc-fight-night-july-22-2023
UFC Fight Night Emmett vs Topuria,"VyStar Veterans Memorial Arena,   Jacksonville United States","Sun, Jun 25 / 5:00 AM AEST",https://www.ufc.com/event/ufc-fight-night-june-24-2023
UFC Fight Night Vettori vs Cannonier,"UFC APEX,   Las Vegas United States","Sun, Jun 18 / 12:00 PM AEST",https://www.ufc.com/event/ufc-fight-night-june-17-2023
UFC Fight Night Kara-France vs Albazi,"UFC APEX,   Las Vegas United States","Sun, Jun 4 / 11:00 AM AEST",https://www.ufc.com/event/ufc-fight-night-june-03-2023
UFC 289 Nunes vs Aldana,"Rogers Arena,   Vancouver Canada","Sun, Jun 11 / 12:00 PM AEST",https://www.ufc.com/event/ufc-289
UFC Fight Night Dern vs Hill,"UFC APEX,   Las Vegas United States","Sun, May 21 / 9:00 AM AEST",https://www.ufc.com/event/ufc-fight-night-may-20-2023
UFC Fight Night Song vs Simon,"UFC APEX,   Las Vegas United States","Sun, Apr 30 / 9:00 AM AEST",https://www.ufc.com/event/ufc-fight-night-april-29-2023
UFC Fight Night Rozenstruik vs Almeida,"Spectrum Center,   Charlotte United States","Sun, May 14 / 5:00 AM AEST",https://www.ufc.com/event/ufc-fight-night-may-13-2023
UFC Fight Night Fiziev vs Gamrot,"UFC APEX,   Las Vegas United States","Sun, Sep 24 / 9:00 AM AEST",https://www.ufc.com/event/ufc-fight-night-september-23-2023
UFC 295 Procházka vs Pereira,"Madison Square Garden,   New York United States","Sun, Nov 12 / 2:00 PM AEDT",https://www.ufc.com/event/ufc-295
UFC Fight Night Almeida vs Lewis,"Ibirapuera Arena,   São Paulo Brazil","Sun, Nov 5 / 12:00 PM AEDT",https://www.ufc.com/event/ufc-fight-night-november-04-2023
UFC Fight Night Vera vs Cruz,"Pechanga Arena,   San Diego United States","Sun, Aug 14 / 9:00 AM AEST",https://www.ufc.com/event/ufc-fight-night-august-13-2022
UFC Fight Night Grasso vs Shevchenko 2,"T-Mobile Arena,   Las Vegas United States","Sun, Sep 17 / 12:00 PM AEST",https://www.ufc.com/event/ufc-fight-night-september-16-2023
UFC Fight Night Sandhagen vs Song,"UFC APEX,   Las Vegas United States","Sun, Sep 18 / 9:00 AM AEST",https://www.ufc.com/event/ufc-fight-night-september-17-2022
UFC 278 Usman vs Edwards,"Delta Center,   Salt Lake City United States","Sun, Aug 21 / 12:00 PM AEST",https://www.ufc.com/event/ufc-278
UFC 279 Diaz vs Ferguson,"T-Mobile Arena,   Las Vegas United States","Sun, Sep 11 / 12:00 PM AEST",https://www.ufc.com/event/ufc-279
UFC Fight Night Tsarukyan vs Gamrot,"UFC APEX,   Las Vegas United States","Sun, Jun 26 / 12:00 PM AEST",https://www.ufc.com/event/ufc-fight-night-june-25-2022
UFC Fight Night Santos vs Hill,"UFC APEX,   Las Vegas United States","Sun, Aug 7 / 12:00 PM AEST",https://www.ufc.com/event/ufc-fight-night-august-06-2022
UFC Fight Night Ortega vs Rodriguez,"UBS Arena,   Elmont United States","Sun, Jul 17 / 4:00 AM AEST",https://www.ufc.com/event/ufc-fight-night-july-16-2022
UFC Fight Night Gane vs Tuivasa,"Accor Arena,   Paris France","Sun, Sep 4 / 5:00 AM AEST",https://www.ufc.com/event/ufc-fight-night-september-03-2022
UFC 284 Makhachev vs Volkanovski,"RAC Arena,   Perth Australia","Sun, Feb 12 / 2:00 PM AEDT",https://www.ufc.com/event/ufc-284
UFC Fight Night Rodriguez vs Lemos,"UFC APEX,   Las Vegas United States","Sun, Nov 6 / 10:00 AM AEDT",https://www.ufc.com/event/ufc-fight-night-november-05-2022
UFC 277 Peña vs Nunes,"American Airlines Center,   Dallas United States","Sun, Jul 31 / 12:00 PM AEST",https://www.ufc.com/event/ufc-277
UFC 282 Blachowicz vs Ankalaev,"T-Mobile Arena,   Las Vegas United States","Sun, Dec 11 / 2:00 PM AEDT",https://www.ufc.com/event/ufc-282
UFC Fight Night Sandhagen vs Font,"Bridgestone Arena,   Nashville United States","Sun, Aug 6 / 11:00 AM AEST",https://www.ufc.com/event/ufc-fight-night-august-05-2023
UFC Fight Night Holloway vs The Korean Zombie,"Singapore Indoor Stadium,   Singapore Singapore","Sat, Aug 26 / 10:00 PM AEST",https://www.ufc.com/event/ufc-fight-night-august-26-2023
UFC Fight Night Dos Anjos vs Fiziev,"UFC APEX,   Las Vegas United States","Sun, Jul 10 / 11:00 AM AEST",https://www.ufc.com/event/ufc-fight-night-july-09-2022
UFC Fight Night Santos vs Walker,"UFC APEX,   Las Vegas United States","Sun, Oct 3 / 10:00 AM AEDT",https://www.ufc.com/event/ufc-fight-night-october-02-2021
UFC Fight Night Lewis vs Daukaus,"UFC APEX,   Las Vegas United States","Sun, Dec 19 / 11:00 AM AEDT",https://www.ufc.com/event/ufc-fight-night-december-18-2021
UFC Fight Night Font vs Aldo,"UFC APEX,   Las Vegas United States","Sun, Dec 5 / 2:00 PM AEDT",https://www.ufc.com/event/ufc-fight-night-december-04-2021
UFC 270 Ngannou vs Gane,"Honda Center,   Anaheim United States","Sun, Jan 23 / 2:00 PM AEDT",https://www.ufc.com/event/ufc-270
UFC Fight Night Hall vs Strickland,"UFC APEX,   Las Vegas United States","Sun, Aug 1 / 11:00 AM AEST",https://www.ufc.com/event/ufc-fight-night-july-31-2021
UFC Fight Night Barboza vs Chikadze,"UFC APEX,   Las Vegas United States","Sun, Aug 29 / 12:00 PM AEST",https://www.ufc.com/event/ufc-fight-night-august-28-2021
UFC Fight Night Brunson vs Till,"UFC APEX,   Las Vegas United States","Sun, Sep 5 / 6:00 AM AEST",https://www.ufc.com/event/ufc-fight-night-september-04-2021
UFC Fight Night Vieira vs Tate,"UFC APEX,   Las Vegas United States","Sun, Nov 21 / 10:00 AM AEDT",https://www.ufc.com/event/ufc-fight-night-november-20-2021
UFC Fight Night Volkov vs Aspinall,"O2 Arena,   London United Kingdom","Sun, Mar 20 / 7:00 AM AEDT",https://www.ufc.com/event/ufc-fight-night-march-19-2022
UFC Fight Night Santos vs Ankalaev,"UFC APEX,   Las Vegas United States","Sun, Mar 13 / 11:00 AM AEDT",https://www.ufc.com/event/ufc-fight-night-march-12-2022
UFC Fight Night Luque vs Muhammad,"UFC APEX,   Las Vegas United States","Sun, Apr 17 / 10:30 AM AEST",https://www.ufc.com/event/ufc-fight-night-april-16-2022
UFC 273 Volkanovski vs The Korean Zombie,"VyStar Veterans Memorial Arena,   Jacksonville United States","Sun, Apr 10 / 12:00 PM AEST",https://www.ufc.com/event/ufc-273
UFC Fight Night Lemos vs Andrade,"UFC APEX,   Las Vegas United States","Sun, Apr 24 / 11:00 AM AEST",https://www.ufc.com/event/ufc-fight-night-april-23-2022
UFC Fight Night Ortega vs Jung,"UFC Fight Island,   Abu Dhabi United Arab Emirates","Sun, Oct 18 / 10:00 AM AEDT",https://www.ufc.com/event/ufc-fight-night-october-17-2020
UFC Fight Night Moraes vs Sandhagen,"UFC Fight Island,   Abu Dhabi United Arab Emirates","Sun, Oct 11 / 11:00 AM AEDT",https://www.ufc.com/event/ufc-fight-night-october-10-2020
UFC Fight Night Waterson vs Hill,"UFC APEX,   Las Vegas United States","Sun, Sep 13 / 10:00 AM AEST",https://www.ufc.com/event/ufc-fight-night-september-12-2020
UFC 266 Volkanovski vs Ortega,"T-Mobile Arena,   Las Vegas United States","Sun, Sep 26 / 12:00 PM AEST",https://www.ufc.com/event/ufc-266
UFC Fight Night Font vs Garbrandt,"UFC APEX,   Las Vegas United States","Sun, May 23 / 9:00 AM AEST",https://www.ufc.com/event/ufc-fight-night-may-22-2021
UFC Fight Night Reyes vs Prochazka,"UFC APEX,   Las Vegas United States","Sun, May 2 / 12:00 PM AEST",https://www.ufc.com/event/ufc-fight-night-may-01-2021
UFC 265 Lewis vs Gane,"Toyota Center,   Houston United States","Sun, Aug 8 / 12:00 PM AEST",https://www.ufc.com/event/ufc-265
UFC 263 Adesanya vs Vettori,"Gila River Arena,   Glendale United States","Sun, Jun 13 / 12:00 PM AEST",https://www.ufc.com/event/ufc-263
UFC Fight Night Gane vs Volkov,"UFC APEX,   Las Vegas United States","Sun, Jun 27 / 6:00 AM AEST",https://www.ufc.com/event/ufc-fight-night-june-26-2021
UFC 264 Poirier vs McGregor,"T-Mobile Arena,   Las Vegas United States","Sun, Jul 11 / 12:00 PM AEST",https://www.ufc.com/event/ufc-264
UFC Fight Night Jung vs Ige,"UFC APEX,   Las Vegas United States","Sun, Jun 20 / 9:00 AM AEST",https://www.ufc.com/event/ufc-fight-night-june-19-2021
UFC Fight Night Kattar vs Ige,"UFC Fight Island,   Abu Dhabi United Arab Emirates","Thu, Jul 16 / 12:00 PM AEST",https://www.ufc.com/event/ufc-fight-night-july-15-2020
UFC Fight Night Whittaker vs Till,"UFC Fight Island,   Abu Dhabi United Arab Emirates","Sun, Jul 26 / 10:00 AM AEST",https://www.ufc.com/event/ufc-fight-night-july-25-2020
UFC Fight Night Figueiredo vs Benavidez,"UFC Fight Island,   Abu Dhabi United Arab Emirates","Sun, Jul 19 / 10:00 AM AEST",https://www.ufc.com/event/ufc-fight-night-july-18-2020
UFC Fight Night Poirier vs Hooker,"UFC APEX,   Las Vegas United States","Sun, Jun 28 / 10:00 AM AEST",https://www.ufc.com/event/ufc-fight-night-june-27-2020
UFC Fight Night Blaydes vs Volkov,"UFC APEX,   Las Vegas United States","Sun, Jun 21 / 10:00 AM AEST",https://www.ufc.com/event/ufc-fight-night-2020
UFC 251 Usman vs Masvidal,"UFC Fight Island,   Abu Dhabi United Arab Emirates","Sun, Jul 12 / 12:00 PM AEST",https://www.ufc.com/event/ufc-251
UFC 250 Nunes vs Spencer,"UFC APEX,   Las Vegas United States","Sun, Jun 7 / 12:00 PM AEST",https://www.ufc.com/event/ufc-250
UFC Fight Night Smith vs Teixeira,"VyStar Veterans Memorial Arena,   Jacksonville United States","Thu, May 14 / 11:00 AM AEST",https://www.ufc.com/event/ufc-fight-night-may-13-2020
UFC Fight Night Woodley vs Burns,"UFC APEX,   Las Vegas United States","Sun, May 31 / 11:00 AM AEST",https://www.ufc.com/event/ufc-fight-night-may-30-2020
UFC Fight Night Overeem vs Harris,"VyStar Veterans Memorial Arena,   Jacksonville United States","Sun, May 17 / 11:00 AM AEST",https://www.ufc.com/event/ufc-fight-night-may-16-2020
UFC Fight Night Eye vs Calvillo,"UFC APEX,   Las Vegas United States","Sun, Jun 14 / 11:00 AM AEST",https://www.ufc.com/event/ufc-fight-night-june-13-2020
UFC 252 Miocic vs Cormier,"UFC APEX,   Las Vegas United States","Sun, Aug 16 / 12:00 PM AEST",https://www.ufc.com/event/ufc-252
UFC Fight Night Rodriguez vs Waterson,"UFC APEX,   Las Vegas United States","Sun, May 9 / 10:00 AM AEST",https://www.ufc.com/event/ufc-fight-night-may-08-2021
UFC Fight Night Vettori vs Holland,"UFC APEX,   Las Vegas United States","Sun, Apr 11 / 5:00 AM AEST",https://www.ufc.com/event/ufc-fight-night-april-10-2021
UFC Fight Night Brunson vs Holland,"UFC APEX,   Las Vegas United States","Sun, Mar 21 / 1:00 PM AEDT",https://www.ufc.com/event/ufc-fight-night-march-20-2021
UFC Fight Night Rozenstruik vs Gane,"UFC APEX,   Las Vegas United States","Sun, Feb 28 / 12:00 PM AEDT",https://www.ufc.com/event/ufc-fight-night-february-27-2021
UFC 261 Usman vs Masvidal,"VyStar Veterans Memorial Arena,   Jacksonville United States","Sun, Apr 25 / 12:00 PM AEST",https://www.ufc.com/event/ufc-261
UFC Fight Night Whittaker vs Gastelum,"UFC APEX,   Las Vegas United States","Sun, Apr 18 / 12:00 PM AEST",https://www.ufc.com/event/ufc-fight-night-april-17-2021
UFC 262 Oliveira vs Chandler,"Toyota Center,   Houston United States","Sun, May 16 / 12:00 PM AEST",https://www.ufc.com/event/ufc-262
UFC 260 Miocic vs Ngannou,"UFC APEX,   Las Vegas United States","Sun, Mar 28 / 1:00 PM AEDT",https://www.ufc.com/event/ufc-260
UFC Fight Night Edwards vs Muhammad,"UFC APEX,   Las Vegas United States","Sun, Mar 14 / 12:00 PM AEDT",https://www.ufc.com/event/ufc-fight-night-march-13-2021
UFC Fight Night Blaydes vs Lewis,"UFC APEX,   Las Vegas United States","Sun, Feb 21 / 12:00 PM AEDT",https://www.ufc.com/event/ufc-fight-night-february-20-2021
UFC 259 Blachowicz vs Adesanya,"UFC APEX,   Las Vegas United States","Sun, Mar 7 / 2:00 PM AEDT",https://www.ufc.com/event/ufc-259
UFC 256 Figueiredo vs Moreno,"UFC APEX,   Las Vegas United States","Sun, Dec 13 / 2:00 PM AEDT",https://www.ufc.com/event/ufc-256
UFC Fight Night Hermansson vs Vettori,"UFC APEX,   Las Vegas United States","Sun, Dec 6 / 2:00 PM AEDT",https://www.ufc.com/event/ufc-fight-night-december-05-2020
UFC 258 Usman vs Burns,"UFC APEX,   Las Vegas United States","Sun, Feb 14 / 2:00 PM AEDT",https://www.ufc.com/event/ufc-258
UFC Fight Night Overeem vs Volkov,"UFC APEX,   Las Vegas United States","Sun, Feb 7 / 12:00 PM AEDT",https://www.ufc.com/event/ufc-fight-night-february-6-2021
UFC Fight Night Chiesa vs Magny,"UFC Fight Island,   Abu Dhabi United Arab Emirates","Thu, Jan 21 / 4:00 AM AEDT",https://www.ufc.com/event/ufc-fight-night-january-20-2021
UFC 257 Poirier vs McGregor,"UFC Fight Island,   Abu Dhabi United Arab Emirates","Sun, Jan 24 / 2:00 PM AEDT",https://www.ufc.com/event/ufc-257
UFC Fight Night Holloway vs Kattar,"UFC Fight Island,   Abu Dhabi United Arab Emirates","Sun, Jan 17 / 7:00 AM AEDT",https://www.ufc.com/event/ufc-fight-night-january-16-2021
UFC Fight Night Thompson vs Neal,"UFC APEX,   Las Vegas United States","Sun, Dec 20 / 11:00 AM AEDT",https://www.ufc.com/event/ufc-fight-night-december-19-2020
UFC Fight Night Felder vs Dos Anjos,"UFC APEX,   Las Vegas United States","Sun, Nov 15 / 11:00 AM AEDT",https://www.ufc.com/event/ufc-fight-night-november-14-2020
UFC Fight Night Smith vs Clark,"UFC APEX,   Las Vegas United States","Sun, Nov 29 / 2:00 PM AEDT",https://www.ufc.com/event/ufc-fight-night-november-28-2020
UFC Fight Night Santos vs Teixeira,"UFC APEX,   Las Vegas United States","Sun, Nov 8 / 2:00 PM AEDT",https://www.ufc.com/event/ufc-fight-night-november-07-2020
UFC 255 Figueiredo vs Perez,"UFC APEX,   Las Vegas United States","Sun, Nov 22 / 2:00 PM AEDT",https://www.ufc.com/event/ufc-255
UFC Fight Night Hall vs Silva,"UFC APEX,   Las Vegas United States","Sun, Nov 1 / 10:00 AM AEDT",https://www.ufc.com/event/ufc-fight-night-october-31-2020
UFC Fight Night Holm vs Aldana,"UFC Fight Island,   Abu Dhabi United Arab Emirates","Sun, Oct 4 / 1:30 PM AEDT",https://www.ufc.com/event/ufc-fight-night-october-03-2020
UFC Fight Night Overeem vs Sakai,"UFC APEX,   Las Vegas United States","Sun, Sep 6 / 9:00 AM AEST",https://www.ufc.com/event/ufc-fight-night-sept-05-2020
UFC Fight Night Covington vs Woodley,"UFC APEX,   Las Vegas United States","Sun, Sep 20 / 10:00 AM AEST",https://www.ufc.com/event/ufc-fight-night-september-19-2020
UFC 253 Adesanya vs Costa,"UFC Fight Island,   Abu Dhabi United Arab Emirates","Sun, Sep 27 / 12:00 PM AEST",https://www.ufc.com/event/ufc-253
UFC Fight Night Smith vs Rakic,"UFC APEX,   Las Vegas United States","Sun, Aug 30 / 11:00 AM AEST",https://www.ufc.com/event/ufc-fight-night-august-29-2020
UFC 254 Khabib vs Gaethje,"UFC Fight Island,   Abu Dhabi United Arab Emirates","Sun, Oct 25 / 5:00 AM AEDT",https://www.ufc.com/event/ufc-254
UFC Fight Night Lewis vs Oleinik,"UFC APEX,   Las Vegas United States","Sun, Aug 9 / 11:00 AM AEST",https://www.ufc.com/event/ufc-fight-night-august-08-2020
UFC Fight Night Munhoz vs Edgar,"UFC APEX,   Las Vegas United States","Sun, Aug 23 / 10:30 AM AEST",https://www.ufc.com/event/ufc-fight-night-august-22-2020
UFC Fight Night Brunson vs Shahbazyan,"UFC APEX,   Las Vegas United States","Sun, Aug 2 / 11:00 AM AEST",https://www.ufc.com/event/ufc-fight-night-august-01-2020
UFC Fight Night Kattar vs Emmett,"Moody Center,   Austin United States","Sun, Jun 19 / 9:00 AM AEST",https://www.ufc.com/event/ufc-fight-night-june-18-2022
UFC 280 Oliveira vs Makhachev,"Etihad Arena,   Yas Island/Yas West United Arab Emirates","Sun, Oct 23 / 5:00 AM AEDT",https://www.ufc.com/event/ufc-280
UFC Fight Night Volkov vs Rozenstruik,"UFC APEX,   Las Vegas United States","Sun, Jun 5 / 6:00 AM AEST",https://www.ufc.com/event/ufc-fight-night-june-04-2022
UFC Fight Night Holm vs Vieira,"UFC APEX,   Las Vegas United States","Sun, May 22 / 9:00 AM AEST",https://www.ufc.com/event/ufc-fight-night-may-21-2022
UFC Fight Night Blachowicz vs Rakic,"UFC APEX,   Las Vegas United States","Sun, May 15 / 12:00 PM AEST",https://www.ufc.com/event/ufc-fight-night-may-14-2022
UFC 275 Teixeira vs Prochazka,"Singapore Indoor Stadium,   Singapore Singapore","Sun, Jun 12 / 12:00 PM AEST",https://www.ufc.com/event/ufc-275
UFC Fight Night Blaydes vs Aspinall,"O2 Arena,   London United Kingdom","Sun, Jul 24 / 5:00 AM AEST",https://www.ufc.com/event/ufc-fight-night-july-23-2022
UFC 274 Oliveira vs Gaethje,"Footprint Center,   Phoenix United States","Sun, May 8 / 12:00 PM AEST",https://www.ufc.com/event/ufc-274
UFC Fight Night Blaydes vs Daukaus,"Nationwide Arena,   Columbus United States","Sun, Mar 27 / 10:00 AM AEDT",https://www.ufc.com/event/ufc-fight-night-march-26-2022
UFC Fight Night Walker vs Hill,"UFC APEX,   Las Vegas United States","Sun, Feb 20 / 11:00 AM AEDT",https://www.ufc.com/event/ufc-fight-night-february-19-2022
UFC Fight Night Font vs Vera,"UFC APEX,   Las Vegas United States","Sun, May 1 / 9:00 AM AEST",https://www.ufc.com/event/ufc-fight-night-april-30-2022
UFC Fight Night Makhachev vs Green,"UFC APEX,   Las Vegas United States","Sun, Feb 27 / 11:00 AM AEDT",https://www.ufc.com/event/ufc-fight-night-february-26-2022
UFC 276 Adesanya vs Cannonier,"T-Mobile Arena,   Las Vegas United States","Sun, Jul 3 / 12:00 PM AEST",https://www.ufc.com/event/ufc-276
UFC Fight Night Hermansson vs Strickland,"UFC APEX,   Las Vegas United States","Sun, Feb 6 / 11:00 AM AEDT",https://www.ufc.com/event/ufc-fight-night-february-05-2022
UFC 272 Covington vs Masvidal,"T-Mobile Arena,   Las Vegas United States","Sun, Mar 6 / 2:00 PM AEDT",https://www.ufc.com/event/ufc-272
UFC Fight Night Cannonier vs Gastelum,"UFC APEX,   Las Vegas United States","Sun, Aug 22 / 12:00 PM AEST",https://www.ufc.com/event/ufc-fight-night-august-21-2021
UFC Fight Night Sandhagen vs Dillashaw,"UFC APEX,   Las Vegas United States","Sun, Jul 25 / 9:00 AM AEST",https://www.ufc.com/event/ufc-fight-night-july-24-2021
UFC 269 Oliveira vs Poirier,"T-Mobile Arena,   Las Vegas United States","Sun, Dec 12 / 2:00 PM AEDT",https://www.ufc.com/event/ufc-269
UFC Fight Night Rozenstruik vs Sakai,"UFC APEX,   Las Vegas United States","Sun, Jun 6 / 9:00 AM AEST",https://www.ufc.com/event/ufc-fight-night-june-05-2021
UFC Fight Night Holloway vs Rodriguez,"UFC APEX,   Las Vegas United States","Sun, Nov 14 / 8:00 AM AEDT",https://www.ufc.com/event/ufc-fight-night-november-13-2021
UFC 271 Adesanya vs Whittaker,"Toyota Center,   Houston United States","Sun, Feb 13 / 2:00 PM AEDT",https://www.ufc.com/event/ufc-271
UFC Fight Night Makhachev vs Moises,"UFC APEX,   Las Vegas United States","Sun, Jul 18 / 12:00 PM AEST",https://www.ufc.com/event/ufc-fight-night-july-17-2021
UFC Fight Night Kattar vs Chikadze,"UFC APEX,   Las Vegas United States","Sun, Jan 16 / 11:00 AM AEDT",https://www.ufc.com/event/ufc-fight-night-january-15-2022
UFC Fight Night Costa vs Vettori,"UFC APEX,   Las Vegas United States","Sun, Oct 24 / 7:00 AM AEDT",https://www.ufc.com/event/ufc-fight-night-october-23-2021
UFC Fight Night Ladd vs Dumont,"UFC APEX,   Las Vegas United States","Sun, Oct 17 / 10:00 AM AEDT",https://www.ufc.com/event/ufc-fight-night-october-16-2021
UFC Fight Night Kattar vs Allen,"UFC APEX,   Las Vegas United States","Sun, Oct 30 / 10:00 AM AEDT",https://www.ufc.com/event/ufc-fight-night-october-29-2022
UFC 267 Blachowicz vs Teixeira,"Etihad Arena,   Yas Island/Yas West United Arab Emirates","Sun, Oct 31 / 5:00 AM AEDT",https://www.ufc.com/event/ufc-267
UFC Fight Night Nzechukwu vs Cutelaba,"UFC APEX,   Las Vegas United States","Sun, Nov 20 / 8:00 AM AEDT",https://www.ufc.com/event/ufc-fight-night-november-19-2022
UFC 268 Usman vs Covington,"Madison Square Garden,   New York United States","Sun, Nov 7 / 1:00 PM AEDT",https://www.ufc.com/event/ufc-268
UFC Fight Night Smith vs Spann,"UFC APEX,   Las Vegas United States","Sun, Sep 19 / 9:00 AM AEST",https://www.ufc.com/event/ufc-fight-night-september-18-2021
UFC Fight Night Dern vs Rodriguez,"UFC APEX,   Las Vegas United States","Sun, Oct 10 / 7:00 AM AEDT",https://www.ufc.com/event/ufc-fight-night-october-09-2021
UFC Fight Night Thompson vs Holland,"Amway Center,   Orlando United States","Sun, Dec 4 / 2:00 PM AEDT",https://www.ufc.com/event/ufc-fight-night-december-03-2022
UFC Fight Night Cannonier vs Strickland,"UFC APEX,   Las Vegas United States","Sun, Dec 18 / 11:00 AM AEDT",https://www.ufc.com/event/ufc-fight-night-december-17-2022
UFC Fight Night Grasso vs Araujo,"UFC APEX,   Las Vegas United States","Sun, Oct 16 / 10:00 AM AEDT",https://www.ufc.com/event/ufc-fight-night-october-15-2022
UFC 283 Teixeira vs Hill,"Farmasi Arena,   Rio de Janeiro Brazil","Sun, Jan 22 / 2:00 PM AEDT",https://www.ufc.com/event/ufc-283
UFC Fight Night Dern vs Yan,"UFC APEX,   Las Vegas United States","Sun, Oct 2 / 10:00 AM AEDT",https://www.ufc.com/event/ufc-fight-night-october-01-2022
UFC 287 Pereira vs Adesanya 2,"Kaseya Center,   Miami United States","Sun, Apr 9 / 12:00 PM AEST",https://www.ufc.com/event/ufc-287
UFC Fight Night Andrade vs Blanchfield,"UFC APEX,   Las Vegas United States","Sun, Feb 19 / 11:00 AM AEDT",https://www.ufc.com/event/ufc-fight-night-february-18-2023
UFC Fight Night Lewis vs Spivac,"UFC APEX,   Las Vegas United States","Sun, Feb 5 / 5:00 PM AEDT",https://www.ufc.com/event/ufc-fight-night-february-04-2023
UFC Fight Night Vera vs Sandhagen,"AT&T Center,   San Antonio United States","Sun, Mar 26 / 10:00 AM AEDT",https://www.ufc.com/event/ufc-fight-night-march-25-2023
UFC 281 Adesanya vs Pereira,"Madison Square Garden,   New York United States","Sun, Nov 13 / 2:00 PM AEDT",https://www.ufc.com/event/ufc-281
UFC Fight Night Muniz vs Allen,"UFC APEX,   Las Vegas United States","Sun, Feb 26 / 11:00 AM AEDT",https://www.ufc.com/event/ufc-fight-night-february-25-2023
UFC Fight Night Yan vs Dvalishvili,"The Theater at Virgin Hotels Las Vegas,   Las Vegas United States","Sun, Mar 12 / 10:00 AM AEDT",https://www.ufc.com/event/ufc-fight-night-march-11-2023
UFC 285 Jones vs Gane,"T-Mobile Arena,   Las Vegas United States","Sun, Mar 5 / 2:00 PM AEDT",https://www.ufc.com/event/ufc-285
UFC Fight Night Yusuff vs Barboza,"UFC APEX,   Las Vegas United States","Sun, Oct 15 / 10:00 AM AEDT",https://www.ufc.com/event/ufc-fight-night-october-14-2023
UFC Fight Night Strickland vs Imavov,"UFC APEX,   Las Vegas United States","Sun, Jan 15 / 11:00 AM AEDT",https://www.ufc.com/event/ufc-fight-night-january-14-2023
UFC 286 Edwards vs Usman 3,"O2 Arena,   London United Kingdom","Sun, Mar 19 / 8:00 AM AEDT",https://www.ufc.com/event/ufc-286
UFC Fight Night Allen vs Craig,"UFC APEX,   Las Vegas United States","Sun, Nov 19 / 9:00 AM AEDT",https://www.ufc.com/event/ufc-fight-night-november-18-2023
